id,season,city,date,match_type,player_of_match,venue,team1,team2,toss_winner,toss_decision,winner,result,result_margin,target_runs,target_overs,super_over,method,umpire1,umpire2
335982.0,2007/08,Bangalore,2008-04-18,League,BB McCullum,M Chinnaswamy Stadium,Royal Challengers Bangalore,Kolkata Knight Riders,Royal Challengers Bangalore,field,Kolkata Knight Riders,runs,140.0,223.0,20.0,N,,Asad Rauf,RE Koertzen
335983.0,2007/08,Chandigarh,2008-04-19,League,MEK Hussey,"Punjab Cricket Association Stadium, Mohali",Kings XI Punjab,Chennai Super Kings,Chennai Super Kings,bat,Chennai Super Kings,runs,33.0,241.0,20.0,N,,MR Benson,SL Shastri
335984.0,2007/08,Delhi,2008-04-19,League,MF Maharoof,Feroz Shah Kotla,Delhi Daredevils,Rajasthan Royals,Rajasthan Royals,bat,Delhi Daredevils,wickets,9.0,130.0,20.0,N,,Aleem Dar,GA Pratapkumar
335985.0,2007/08,Mumbai,2008-04-20,League,MV Boucher,Wankhede Stadium,Mumbai Indians,Royal Challengers Bangalore,Mumbai Indians,bat,Royal Challengers Bangalore,wickets,5.0,166.0,20.0,N,,SJ Davis,DJ Harper
335986.0,2007/08,Kolkata,2008-04-20,League,DJ Hussey,Eden Gardens,Kolkata Knight Riders,Deccan Chargers,Deccan Chargers,bat,Kolkata Knight Riders,wickets,5.0,111.0,20.0,N,,BF Bowden,K Hariharan
335987.0,2007/08,Jaipur,2008-04-21,League,SR Watson,Sawai Mansingh Stadium,Rajasthan Royals,Kings XI Punjab,Kings XI Punjab,bat,Rajasthan Royals,wickets,6.0,167.0,20.0,N,,Aleem Dar,RB Tiffin
335988.0,2007/08,Hyderabad,2008-04-22,League,V Sehwag,"Rajiv Gandhi International Stadium, Uppal",Deccan Chargers,Delhi Daredevils,Deccan Chargers,bat,Delhi Daredevils,wickets,9.0,143.0,20.0,N,,IL Howell,AM Saheba
335989.0,2007/08,Chennai,2008-04-23,League,ML Hayden,"MA Chidambaram Stadium, Chepauk",Chennai Super Kings,Mumbai Indians,Mumbai Indians,field,Chennai Super Kings,runs,6.0,209.0,20.0,N,,DJ Harper,GA Pratapkumar
335990.0,2007/08,Hyderabad,2008-04-24,League,YK Pathan,"Rajiv Gandhi International Stadium, Uppal",Deccan Chargers,Rajasthan Royals,Rajasthan Royals,field,Rajasthan Royals,wickets,3.0,215.0,20.0,N,,Asad Rauf,MR Benson
335991.0,2007/08,Chandigarh,2008-04-25,League,KC Sangakkara,"Punjab Cricket Association Stadium, Mohali",Kings XI Punjab,Mumbai Indians,Mumbai Indians,field,Kings XI Punjab,runs,66.0,183.0,20.0,N,,Aleem Dar,AM Saheba
335992.0,2007/08,Bangalore,2008-04-26,League,SR Watson,M Chinnaswamy Stadium,Royal Challengers Bangalore,Rajasthan Royals,Rajasthan Royals,field,Rajasthan Royals,wickets,7.0,136.0,20.0,N,,MR Benson,IL Howell
335993.0,2007/08,Chennai,2008-04-26,League,JDP Oram,"MA Chidambaram Stadium, Chepauk",Chennai Super Kings,Kolkata Knight Riders,Kolkata Knight Riders,bat,Chennai Super Kings,wickets,9.0,148.0,20.0,N,,BF Bowden,AV Jayaprakash
335994.0,2007/08,Mumbai,2008-04-27,League,AC Gilchrist,Dr DY Patil Sports Academy,Mumbai Indians,Deccan Chargers,Deccan Chargers,field,Deccan Chargers,wickets,10.0,155.0,20.0,N,,Asad Rauf,SL Shastri
335995.0,2007/08,Chandigarh,2008-04-27,League,SM Katich,"Punjab Cricket Association Stadium, Mohali",Kings XI Punjab,Delhi Daredevils,Delhi Daredevils,bat,Kings XI Punjab,wickets,4.0,159.0,20.0,N,,RE Koertzen,I Shivram
335996.0,2007/08,Bangalore,2008-04-28,League,MS Dhoni,M Chinnaswamy Stadium,Royal Challengers Bangalore,Chennai Super Kings,Chennai Super Kings,bat,Chennai Super Kings,runs,13.0,179.0,20.0,N,,BR Doctrove,RB Tiffin
335997.0,2007/08,Kolkata,2008-04-29,League,ST Jayasuriya,Eden Gardens,Kolkata Knight Riders,Mumbai Indians,Kolkata Knight Riders,bat,,wickets,7.0,138.0,20.0,N,,BF Bowden,AV Jayaprakash
335998.0,2007/08,Delhi,2008-04-30,League,GD McGrath,Feroz Shah Kotla,Delhi Daredevils,Royal Challengers Bangalore,Royal Challengers Bangalore,field,Delhi Daredevils,runs,10.0,192.0,20.0,N,,Aleem Dar,I Shivram
335999.0,2007/08,Hyderabad,2008-05-01,League,SE Marsh,"Rajiv Gandhi International Stadium, Uppal",Deccan Chargers,Kings XI Punjab,Kings XI Punjab,field,Kings XI Punjab,wickets,7.0,165.0,20.0,N,,BR Doctrove,RB Tiffin
336000.0,2007/08,Jaipur,2008-05-01,League,SA Asnodkar,Sawai Mansingh Stadium,Rajasthan Royals,Kolkata Knight Riders,Rajasthan Royals,bat,Rajasthan Royals,runs,45.0,197.0,20.0,N,,RE Koertzen,GA Pratapkumar
336001.0,2007/08,Chennai,2008-05-02,League,V Sehwag,"MA Chidambaram Stadium, Chepauk",Chennai Super Kings,Delhi Daredevils,Chennai Super Kings,bat,Delhi Daredevils,wickets,8.0,170.0,20.0,N,,BF Bowden,K Hariharan
336003.0,2007/08,Chandigarh,2008-05-03,League,IK Pathan,"Punjab Cricket Association Stadium, Mohali",Kings XI Punjab,Kolkata Knight Riders,Kings XI Punjab,bat,Kings XI Punjab,runs,9.0,179.0,20.0,N,,DJ Harper,I Shivram
336034.0,2007/08,Bangalore,2008-05-03,League,P Kumar,M Chinnaswamy Stadium,Royal Challengers Bangalore,Deccan Chargers,Deccan Chargers,field,Royal Challengers Bangalore,runs,3.0,157.0,20.0,N,,BR Doctrove,SL Shastri
336004.0,2007/08,Mumbai,2008-05-04,League,SM Pollock,Dr DY Patil Sports Academy,Mumbai Indians,Delhi Daredevils,Delhi Daredevils,field,Mumbai Indians,runs,29.0,163.0,20.0,N,,IL Howell,RE Koertzen
336005.0,2007/08,Jaipur,2008-05-04,League,Sohail Tanvir,Sawai Mansingh Stadium,Rajasthan Royals,Chennai Super Kings,Chennai Super Kings,bat,Rajasthan Royals,wickets,8.0,110.0,20.0,N,,Asad Rauf,AV Jayaprakash
336006.0,2007/08,Bangalore,2008-05-05,League,S Sreesanth,M Chinnaswamy Stadium,Royal Challengers Bangalore,Kings XI Punjab,Kings XI Punjab,field,Kings XI Punjab,wickets,6.0,127.0,20.0,N,,SJ Davis,BR Doctrove
336007.0,2007/08,Chennai,2008-05-06,League,AC Gilchrist,"MA Chidambaram Stadium, Chepauk",Chennai Super Kings,Deccan Chargers,Deccan Chargers,field,Deccan Chargers,wickets,7.0,145.0,20.0,N,,MR Benson,RB Tiffin
336008.0,2007/08,Mumbai,2008-05-07,League,A Nehra,Dr DY Patil Sports Academy,Mumbai Indians,Rajasthan Royals,Mumbai Indians,field,Mumbai Indians,wickets,7.0,104.0,20.0,N,,DJ Harper,RE Koertzen
336009.0,2007/08,Delhi,2008-05-08,League,MS Dhoni,Feroz Shah Kotla,Delhi Daredevils,Chennai Super Kings,Chennai Super Kings,field,Chennai Super Kings,wickets,4.0,188.0,20.0,N,,Aleem Dar,RB Tiffin
336010.0,2007/08,Kolkata,2008-05-08,League,SC Ganguly,Eden Gardens,Kolkata Knight Riders,Royal Challengers Bangalore,Kolkata Knight Riders,bat,Kolkata Knight Riders,runs,5.0,130.0,16.0,N,,Asad Rauf,IL Howell
336011.0,2007/08,Jaipur,2008-05-09,League,YK Pathan,Sawai Mansingh Stadium,Rajasthan Royals,Deccan Chargers,Rajasthan Royals,field,Rajasthan Royals,wickets,8.0,141.0,20.0,N,,MR Benson,AM Saheba
336013.0,2007/08,Chennai,2008-05-10,League,L Balaji,"MA Chidambaram Stadium, Chepauk",Chennai Super Kings,Kings XI Punjab,Kings XI Punjab,field,Chennai Super Kings,runs,18.0,182.0,20.0,N,,AV Jayaprakash,BG Jerling
336014.0,2007/08,Hyderabad,2008-05-11,League,SC Ganguly,"Rajiv Gandhi International Stadium, Uppal",Deccan Chargers,Kolkata Knight Riders,Kolkata Knight Riders,bat,,runs,23.0,205.0,20.0,N,,IL Howell,AM Saheba
336015.0,2007/08,Jaipur,2008-05-11,League,SR Watson,Sawai Mansingh Stadium,Rajasthan Royals,Delhi Daredevils,Rajasthan Royals,field,Rajasthan Royals,wickets,3.0,157.0,20.0,N,,SJ Davis,RE Koertzen
336016.0,2007/08,Chandigarh,2008-05-12,League,SE Marsh,"Punjab Cricket Association Stadium, Mohali",Kings XI Punjab,Royal Challengers Bangalore,Royal Challengers Bangalore,bat,Kings XI Punjab,wickets,9.0,144.0,20.0,N,,BR Doctrove,I Shivram
336017.0,2007/08,Kolkata,2008-05-13,League,Shoaib Akhtar,Eden Gardens,Kolkata Knight Riders,Delhi Daredevils,Kolkata Knight Riders,bat,Kolkata Knight Riders,runs,23.0,134.0,20.0,N,,Asad Rauf,IL Howell
336018.0,2007/08,Mumbai,2008-05-14,League,ST Jayasuriya,Wankhede Stadium,Mumbai Indians,Chennai Super Kings,Mumbai Indians,field,Mumbai Indians,wickets,9.0,157.0,20.0,N,,BR Doctrove,AM Saheba
336020.0,2007/08,Delhi,2008-05-15,League,A Mishra,Feroz Shah Kotla,Delhi Daredevils,Deccan Chargers,Deccan Chargers,field,Delhi Daredevils,runs,12.0,195.0,20.0,N,,BG Jerling,GA Pratapkumar
336021.0,2007/08,Mumbai,2008-05-16,League,SM Pollock,Wankhede Stadium,Mumbai Indians,Kolkata Knight Riders,Mumbai Indians,field,Mumbai Indians,wickets,8.0,68.0,20.0,N,,BR Doctrove,DJ Harper
336022.0,2007/08,Delhi,2008-05-17,League,DPMD Jayawardene,Feroz Shah Kotla,Delhi Daredevils,Kings XI Punjab,Delhi Daredevils,bat,Kings XI Punjab,runs,6.0,89.0,8.0,N,D/L,AV Jayaprakash,RE Koertzen
336023.0,2007/08,Jaipur,2008-05-17,League,GC Smith,Sawai Mansingh Stadium,Rajasthan Royals,Royal Challengers Bangalore,Royal Challengers Bangalore,field,Rajasthan Royals,runs,65.0,198.0,20.0,N,,BF Bowden,SL Shastri
336024.0,2007/08,Hyderabad,2008-05-18,League,DJ Bravo,"Rajiv Gandhi International Stadium, Uppal",Deccan Chargers,Mumbai Indians,Deccan Chargers,field,Mumbai Indians,runs,25.0,179.0,20.0,N,,BR Doctrove,DJ Harper
336025.0,2007/08,Kolkata,2008-05-18,League,M Ntini,Eden Gardens,Kolkata Knight Riders,Chennai Super Kings,Kolkata Knight Riders,bat,Chennai Super Kings,runs,3.0,53.0,8.0,N,D/L,Asad Rauf,K Hariharan
336026.0,2007/08,Bangalore,2008-05-19,League,SP Goswami,M Chinnaswamy Stadium,Royal Challengers Bangalore,Delhi Daredevils,Delhi Daredevils,field,Delhi Daredevils,wickets,5.0,155.0,20.0,N,,SJ Davis,GA Pratapkumar
336027.0,2007/08,Kolkata,2008-05-20,League,YK Pathan,Eden Gardens,Kolkata Knight Riders,Rajasthan Royals,Rajasthan Royals,field,Rajasthan Royals,wickets,6.0,148.0,20.0,N,,BG Jerling,RE Koertzen
,,,,,,,,,,,,,,,,,,,
336029.0,2007/08,Chennai,2008-05-21,League,A Kumble,"MA Chidambaram Stadium, Chepauk",Chennai Super Kings,Royal Challengers Bangalore,Royal Challengers Bangalore,bat,Royal Challengers Bangalore,runs,14.0,127.0,20.0,N,,DJ Harper,I Shivram
336031.0,2007/08,Chandigarh,2008-05-23,League,SE Marsh,"Punjab Cricket Association Stadium, Mohali",Kings XI Punjab,Deccan Chargers,Kings XI Punjab,field,Kings XI Punjab,wickets,6.0,176.0,20.0,N,,Asad Rauf,SJ Davis
336032.0,2007/08,Delhi,2008-05-24,League,KD Karthik,Feroz Shah Kotla,Delhi Daredevils,Mumbai Indians,Delhi Daredevils,field,,wickets,5.0,177.0,20.0,N,,BF Bowden,K Hariharan
336033.0,2007/08,Chennai,2008-05-24,League,JA Morkel,"MA Chidambaram Stadium, Chepauk",Chennai Super Kings,Rajasthan Royals,Rajasthan Royals,bat,Rajasthan Royals,runs,10.0,212.0,20.0,N,,DJ Harper,SL Shastri
336002.0,2007/08,Hyderabad,2008-05-25,League,R Vinay Kumar,"Rajiv Gandhi International Stadium, Uppal",Deccan Chargers,Royal Challengers Bangalore,Deccan Chargers,bat,Royal Challengers Bangalore,wickets,5.0,166.0,20.0,N,,Asad Rauf,RE Koertzen
336035.0,2007/08,Kolkata,2008-05-25,League,Umar Gul,Eden Gardens,Kolkata Knight Riders,Kings XI Punjab,Kings XI Punjab,bat,Kolkata Knight Riders,wickets,3.0,175.0,20.0,N,,SJ Davis,I Shivram
,,,,,,,,,,,,,,,,,,,
336037.0,2007/08,Hyderabad,2008-05-27,League,SK Raina,"Rajiv Gandhi International Stadium, Uppal",Deccan Chargers,Chennai Super Kings,Deccan Chargers,bat,Chennai Super Kings,wickets,7.0,148.0,20.0,N,,BG Jerling,AM Saheba
336012.0,2007/08,Bangalore,2008-05-28,League,CRD Fernando,M Chinnaswamy Stadium,Royal Challengers Bangalore,Mumbai Indians,Mumbai Indians,field,Mumbai Indians,wickets,9.0,123.0,18.0,N,,BF Bowden,AV Jayaprakash
336019.0,2007/08,Chandigarh,2008-05-28,League,SE Marsh,"Punjab Cricket Association Stadium, Mohali",Kings XI Punjab,Rajasthan Royals,Rajasthan Royals,field,Kings XI Punjab,runs,41.0,222.0,20.0,N,,SJ Davis,K Hariharan
336038.0,2007/08,Mumbai,2008-05-30,Semi Final,SR Watson,Wankhede Stadium,Delhi Daredevils,Rajasthan Royals,Delhi Daredevils,field,Rajasthan Royals,runs,105.0,193.0,20.0,N,,BF Bowden,RE Koertzen
,,,,,,,,,,,,,,,,,,,
336040.0,2007/08,Mumbai,2008-06-01,Final,YK Pathan,Dr DY Patil Sports Academy,Chennai Super Kings,Rajasthan Royals,Rajasthan Royals,field,Rajasthan Royals,wickets,3.0,164.0,20.0,N,,BF Bowden,RE Koertzen
392181.0,2009,Cape Town,2009-04-18,League,SR Tendulkar,Newlands,Chennai Super Kings,Mumbai Indians,Chennai Super Kings,field,,runs,19.0,166.0,20.0,N,,BR Doctrove,K Hariharan
392182.0,2009,Cape Town,2009-04-18,League,R Dravid,Newlands,Royal Challengers Bangalore,Rajasthan Royals,Royal Challengers Bangalore,bat,Royal Challengers Bangalore,runs,75.0,134.0,20.0,N,,BR Doctrove,RB Tiffin
392183.0,2009,Cape Town,2009-04-19,League,DL Vettori,Newlands,Delhi Daredevils,Kings XI Punjab,Delhi Daredevils,field,Delhi Daredevils,wickets,10.0,54.0,6.0,N,D/L,MR Benson,SD Ranade
392184.0,2009,UnknownCity,2009-04-19,League,RP Singh,Newlands,Deccan Chargers,Kolkata Knight Riders,Kolkata Knight Riders,bat,Deccan Chargers,wickets,8.0,102.0,20.0,N,,MR Benson,BR Doctrove
392185.0,2009,Port Elizabeth,2009-04-20,League,M Muralitharan,St George's Park,Royal Challengers Bangalore,Chennai Super Kings,Chennai Super Kings,bat,Chennai Super Kings,runs,92.0,180.0,20.0,N,,BG Jerling,SJA Taufel
392186.0,2009,Durban,2009-04-21,League,CH Gayle,Kingsmead,Kings XI Punjab,Kolkata Knight Riders,Kolkata Knight Riders,field,,runs,11.0,69.0,9.2,N,D/L,DJ Harper,SD Ranade
392188.0,2009,Cape Town,2009-04-22,League,AC Gilchrist,Newlands,Royal Challengers Bangalore,Deccan Chargers,Deccan Chargers,bat,Deccan Chargers,runs,24.0,185.0,20.0,N,,M Erasmus,AM Saheba
392189.0,2009,Durban,2009-04-23,League,AB de Villiers,Kingsmead,Chennai Super Kings,Delhi Daredevils,Delhi Daredevils,bat,,runs,9.0,190.0,20.0,N,,BR Doctrove,SJA Taufel
392190.0,2009,Cape Town,2009-04-23,League,YK Pathan,Newlands,Kolkata Knight Riders,Rajasthan Royals,Kolkata Knight Riders,field,,tie,,151.0,20.0,Y,,MR Benson,M Erasmus
392191.0,2009,Durban,2009-04-24,League,RS Bopara,Kingsmead,Royal Challengers Bangalore,Kings XI Punjab,Royal Challengers Bangalore,bat,Kings XI Punjab,wickets,7.0,169.0,20.0,N,,BR Doctrove,TH Wijewardene
392192.0,2009,UnknownCity,2009-04-25,League,PP Ojha,Kingsmead,Deccan Chargers,Mumbai Indians,Deccan Chargers,bat,Deccan Chargers,runs,12.0,169.0,20.0,N,,HDPK Dharmasena,SJA Taufel
392194.0,2009,Port Elizabeth,2009-04-26,League,TM Dilshan,St George's Park,Royal Challengers Bangalore,Delhi Daredevils,Royal Challengers Bangalore,bat,Delhi Daredevils,wickets,6.0,150.0,20.0,N,,S Asnani,BG Jerling
,,,,,,,,,,,,,,,,,,,
392196.0,2009,Durban,2009-04-27,League,HH Gibbs,Kingsmead,Chennai Super Kings,Deccan Chargers,Deccan Chargers,field,Deccan Chargers,wickets,6.0,166.0,20.0,N,,IL Howell,TH Wijewardene
392197.0,2009,Port Elizabeth,2009-04-27,League,SR Tendulkar,St George's Park,Kolkata Knight Riders,Mumbai Indians,Mumbai Indians,bat,Mumbai Indians,runs,92.0,188.0,20.0,N,,BG Jerling,RB Tiffin
392198.0,2009,Centurion,2009-04-28,League,YK Pathan,SuperSport Park,Delhi Daredevils,Rajasthan Royals,Delhi Daredevils,bat,Rajasthan Royals,wickets,5.0,144.0,20.0,N,,GAV Baxter,RE Koertzen
392199.0,2009,Durban,2009-04-29,League,MV Boucher,Kingsmead,Royal Challengers Bangalore,Kolkata Knight Riders,Kolkata Knight Riders,bat,Royal Challengers Bangalore,wickets,5.0,140.0,20.0,N,,MR Benson,TH Wijewardene
392200.0,2009,Durban,2009-04-29,League,KC Sangakkara,Kingsmead,Kings XI Punjab,Mumbai Indians,Kings XI Punjab,bat,,runs,3.0,120.0,20.0,N,,MR Benson,SL Shastri
392201.0,2009,Centurion,2009-04-30,League,DP Nannes,SuperSport Park,Deccan Chargers,Delhi Daredevils,Delhi Daredevils,field,,wickets,6.0,149.0,20.0,N,,GAV Baxter,AM Saheba
392202.0,2009,Centurion,2009-04-30,League,SK Raina,SuperSport Park,Chennai Super Kings,Rajasthan Royals,Rajasthan Royals,field,Chennai Super Kings,runs,38.0,165.0,20.0,N,,GAV Baxter,RE Koertzen
392203.0,2009,East London,2009-05-01,League,JP Duminy,Buffalo Park,Kolkata Knight Riders,Mumbai Indians,Mumbai Indians,bat,Mumbai Indians,runs,9.0,149.0,20.0,N,,M Erasmus,SK Tarapore
392204.0,2009,Durban,2009-05-01,League,Yuvraj Singh,Kingsmead,Royal Challengers Bangalore,Kings XI Punjab,Royal Challengers Bangalore,bat,Royal Challengers Bangalore,runs,8.0,146.0,20.0,N,,HDPK Dharmasena,S Ravi
392205.0,2009,Port Elizabeth,2009-05-02,League,YK Pathan,St George's Park,Deccan Chargers,Rajasthan Royals,Deccan Chargers,bat,Rajasthan Royals,wickets,3.0,142.0,20.0,N,,S Asnani,BG Jerling
392206.0,2009,Johannesburg,2009-05-02,League,SB Jakati,New Wanderers Stadium,Chennai Super Kings,Delhi Daredevils,Delhi Daredevils,field,Chennai Super Kings,runs,18.0,164.0,20.0,N,,DJ Harper,RE Koertzen
392207.0,2009,Port Elizabeth,2009-05-03,League,DPMD Jayawardene,St George's Park,Kings XI Punjab,Kolkata Knight Riders,Kolkata Knight Riders,bat,Kings XI Punjab,wickets,6.0,154.0,20.0,N,,S Asnani,MR Benson
392208.0,2009,Johannesburg,2009-05-03,League,JH Kallis,New Wanderers Stadium,Royal Challengers Bangalore,Mumbai Indians,Mumbai Indians,bat,Royal Challengers Bangalore,wickets,9.0,150.0,20.0,N,,RE Koertzen,TH Wijewardene
392209.0,2009,East London,2009-05-04,League,MS Dhoni,Buffalo Park,Chennai Super Kings,Deccan Chargers,Chennai Super Kings,bat,Chennai Super Kings,runs,78.0,179.0,20.0,N,,BR Doctrove,M Erasmus
392210.0,2009,Durban,2009-05-05,League,GC Smith,Kingsmead,Kings XI Punjab,Rajasthan Royals,Kings XI Punjab,field,Rajasthan Royals,runs,78.0,212.0,20.0,N,,SS Hazare,IL Howell
,,,,,,,,,,,,,,,,,,,
392212.0,2009,Centurion,2009-05-06,League,RG Sharma,SuperSport Park,Deccan Chargers,Mumbai Indians,Deccan Chargers,bat,Deccan Chargers,runs,19.0,146.0,20.0,N,,MR Benson,HDPK Dharmasena
,,,,,,,,,,,,,,,,,,,
392214.0,2009,Centurion,2009-05-07,League,ML Hayden,SuperSport Park,Chennai Super Kings,Kings XI Punjab,Chennai Super Kings,bat,Chennai Super Kings,runs,12.0,187.0,18.0,N,D/L,DJ Harper,TH Wijewardene
392215.0,2009,East London,2009-05-08,League,A Nehra,Buffalo Park,Delhi Daredevils,Mumbai Indians,Mumbai Indians,bat,Delhi Daredevils,wickets,7.0,117.0,20.0,N,,M Erasmus,SK Tarapore
392216.0,2009,Kimberley,2009-05-09,League,DPMD Jayawardene,De Beers Diamond Oval,Deccan Chargers,Kings XI Punjab,Kings XI Punjab,field,XYZ Team,wickets,3.0,169.0,20.0,N,,GAV Baxter,AM Saheba
392217.0,2009,Kimberley,2009-05-09,League,S Badrinath,De Beers Diamond Oval,Chennai Super Kings,Rajasthan Royals,Rajasthan Royals,bat,,wickets,7.0,141.0,20.0,N,,GAV Baxter,HDPK Dharmasena
392218.0,2009,Port Elizabeth,2009-05-10,League,JP Duminy,St George's Park,Royal Challengers Bangalore,Mumbai Indians,Mumbai Indians,bat,Mumbai Indians,runs,16.0,158.0,20.0,N,,BR Doctrove,BG Jerling
392219.0,2009,Johannesburg,2009-05-10,League,A Mishra,New Wanderers Stadium,Delhi Daredevils,Kolkata Knight Riders,Delhi Daredevils,field,Delhi Daredevils,wickets,7.0,124.0,20.0,N,,SL Shastri,RB Tiffin
392220.0,2009,Kimberley,2009-05-11,League,DR Smith,De Beers Diamond Oval,Deccan Chargers,Rajasthan Royals,Deccan Chargers,bat,Deccan Chargers,runs,53.0,167.0,20.0,N,,GAV Baxter,HDPK Dharmasena
,,,,,,,,,,,,,,,,,,,
392222.0,2009,Centurion,2009-05-12,League,Harbhajan Singh,SuperSport Park,Kings XI Punjab,Mumbai Indians,Kings XI Punjab,bat,Mumbai Indians,wickets,8.0,120.0,20.0,N,,SS Hazare,RE Koertzen
392223.0,2009,Durban,2009-05-13,League,R Bhatia,Kingsmead,Deccan Chargers,Delhi Daredevils,Deccan Chargers,field,,runs,12.0,174.0,20.0,N,,DJ Harper,SL Shastri
392224.0,2009,Durban,2009-05-14,League,LRPL Taylor,Kingsmead,Royal Challengers Bangalore,Chennai Super Kings,Chennai Super Kings,bat,Royal Challengers Bangalore,wickets,2.0,130.0,20.0,N,,BR Doctrove,DJ Harper
392225.0,2009,Durban,2009-05-14,League,SK Warne,Kingsmead,Mumbai Indians,Rajasthan Royals,Rajasthan Royals,bat,Rajasthan Royals,runs,2.0,146.0,20.0,N,,BR Doctrove,DJ Harper
392226.0,2009,Bloemfontein,2009-05-15,League,B Lee,OUTsurance Oval,Delhi Daredevils,Kings XI Punjab,Kings XI Punjab,field,Kings XI Punjab,wickets,6.0,121.0,20.0,N,,HDPK Dharmasena,IL Howell
392227.0,2009,UnknownCity,2009-05-16,League,ML Hayden,St George's Park,Chennai Super Kings,Mumbai Indians,Mumbai Indians,bat,,wickets,7.0,148.0,20.0,N,,SK Tarapore,SJA Taufel
392228.0,2009,Johannesburg,2009-05-16,League,RG Sharma,New Wanderers Stadium,Deccan Chargers,Kolkata Knight Riders,Deccan Chargers,field,Deccan Chargers,wickets,6.0,161.0,20.0,N,,RE Koertzen,S Ravi
392229.0,2009,Johannesburg,2009-05-17,League,Yuvraj Singh,New Wanderers Stadium,Deccan Chargers,Kings XI Punjab,Deccan Chargers,field,Kings XI Punjab,runs,1.0,135.0,20.0,N,,S Ravi,RB Tiffin
392230.0,2009,Bloemfontein,2009-05-17,League,AB de Villiers,OUTsurance Oval,Delhi Daredevils,Rajasthan Royals,Delhi Daredevils,bat,Delhi Daredevils,runs,14.0,151.0,20.0,N,,SS Hazare,IL Howell
392231.0,2009,Centurion,2009-05-18,League,BJ Hodge,SuperSport Park,Chennai Super Kings,Kolkata Knight Riders,Chennai Super Kings,bat,Kolkata Knight Riders,wickets,7.0,189.0,20.0,N,,SJA Taufel,RB Tiffin
,,,,,,,,,,,,,,,,,,,
392233.0,2009,Durban,2009-05-20,League,LR Shukla,Kingsmead,Kolkata Knight Riders,Rajasthan Royals,Kolkata Knight Riders,field,Kolkata Knight Riders,wickets,4.0,102.0,20.0,N,,BG Jerling,SJA Taufel
392234.0,2009,Durban,2009-05-20,League,M Muralitharan,Kingsmead,Chennai Super Kings,Kings XI Punjab,Chennai Super Kings,bat,Chennai Super Kings,runs,24.0,117.0,20.0,N,,BG Jerling,SJA Taufel
392235.0,2009,Centurion,2009-05-21,League,V Sehwag,SuperSport Park,Delhi Daredevils,Mumbai Indians,Delhi Daredevils,field,,wickets,4.0,166.0,20.0,N,,IL Howell,S Ravi
392236.0,2009,Centurion,2009-05-21,League,MK Pandey,SuperSport Park,Royal Challengers Bangalore,Deccan Chargers,Royal Challengers Bangalore,bat,Royal Challengers Bangalore,runs,12.0,171.0,20.0,N,,IL Howell,S Ravi
392237.0,2009,Centurion,2009-05-22,Semi Final,AC Gilchrist,SuperSport Park,Delhi Daredevils,Deccan Chargers,Deccan Chargers,field,Deccan Chargers,wickets,6.0,154.0,20.0,N,,BR Doctrove,DJ Harper
392238.0,2009,Johannesburg,2009-05-23,Semi Final,MK Pandey,New Wanderers Stadium,Royal Challengers Bangalore,Chennai Super Kings,Royal Challengers Bangalore,field,Royal Challengers Bangalore,wickets,6.0,147.0,20.0,N,,RE Koertzen,SJA Taufel
392239.0,2009,Johannesburg,2009-05-24,Final,A Kumble,New Wanderers Stadium,Royal Challengers Bangalore,Deccan Chargers,Royal Challengers Bangalore,field,Deccan Chargers,runs,6.0,144.0,20.0,N,,RE Koertzen,SJA Taufel
419106.0,2009/10,Mumbai,2010-03-12,League,AD Mathews,Dr DY Patil Sports Academy,Deccan Chargers,Kolkata Knight Riders,Deccan Chargers,field,Kolkata Knight Riders,runs,11.0,162.0,20.0,N,,RE Koertzen,RB Tiffin
419107.0,2009/10,Mumbai,2010-03-13,League,YK Pathan,Brabourne Stadium,Mumbai Indians,Rajasthan Royals,Mumbai Indians,bat,Mumbai Indians,runs,4.0,213.0,20.0,N,,RE Koertzen,RB Tiffin
419108.0,2009/10,Chandigarh,2010-03-13,League,G Gambhir,"Punjab Cricket Association Stadium, Mohali",Kings XI Punjab,Delhi Daredevils,Delhi Daredevils,field,Delhi Daredevils,wickets,5.0,143.0,20.0,N,,BR Doctrove,S Ravi
419109.0,2009/10,Kolkata,2010-03-14,League,MK Tiwary,Eden Gardens,Kolkata Knight Riders,Royal Challengers Bangalore,Kolkata Knight Riders,field,Kolkata Knight Riders,wickets,7.0,136.0,20.0,N,,HDPK Dharmasena,AM Saheba
419110.0,2009/10,Chennai,2010-03-14,League,WPUJC Vaas,"MA Chidambaram Stadium, Chepauk",Chennai Super Kings,Deccan Chargers,Deccan Chargers,bat,Deccan Chargers,runs,31.0,191.0,20.0,N,,K Hariharan,DJ Harper
419111.0,2009/10,Ahmedabad,2010-03-15,League,V Sehwag,"Sardar Patel Stadium, Motera",Rajasthan Royals,Delhi Daredevils,Delhi Daredevils,field,Delhi Daredevils,wickets,6.0,142.0,20.0,N,,BG Jerling,RE Koertzen
419112.0,2009/10,Bangalore,2010-03-16,League,JH Kallis,M Chinnaswamy Stadium,Royal Challengers Bangalore,Kings XI Punjab,Kings XI Punjab,bat,Royal Challengers Bangalore,wickets,8.0,204.0,20.0,N,,S Das,DJ Harper
419113.0,2009/10,Kolkata,2010-03-16,League,MS Dhoni,Eden Gardens,Kolkata Knight Riders,Chennai Super Kings,Chennai Super Kings,bat,Chennai Super Kings,runs,55.0,165.0,20.0,N,,HDPK Dharmasena,AM Saheba
419114.0,2009/10,Delhi,2010-03-17,League,SR Tendulkar,Feroz Shah Kotla,Delhi Daredevils,Mumbai Indians,Delhi Daredevils,field,Mumbai Indians,runs,98.0,219.0,20.0,N,,BR Doctrove,SK Tarapore
419115.0,2009/10,Bangalore,2010-03-18,League,JH Kallis,M Chinnaswamy Stadium,Royal Challengers Bangalore,Rajasthan Royals,Royal Challengers Bangalore,field,Royal Challengers Bangalore,wickets,10.0,93.0,20.0,N,,K Hariharan,DJ Harper
419116.0,2009/10,Delhi,2010-03-19,League,ML Hayden,Feroz Shah Kotla,Delhi Daredevils,Chennai Super Kings,Delhi Daredevils,bat,Chennai Super Kings,wickets,5.0,186.0,20.0,N,,BR Doctrove,SK Tarapore
419117.0,2009/10,Cuttack,2010-03-19,League,A Symonds,Barabati Stadium,Deccan Chargers,Kings XI Punjab,Kings XI Punjab,field,Deccan Chargers,runs,6.0,171.0,20.0,N,,BF Bowden,M Erasmus
419118.0,2009/10,Ahmedabad,2010-03-20,League,AA Jhunjhunwala,"Sardar Patel Stadium, Motera",Rajasthan Royals,Kolkata Knight Riders,Rajasthan Royals,bat,Rajasthan Royals,runs,34.0,169.0,20.0,N,,RE Koertzen,RB Tiffin
419119.0,2009/10,Mumbai,2010-03-20,League,JH Kallis,Brabourne Stadium,Mumbai Indians,Royal Challengers Bangalore,Mumbai Indians,bat,Royal Challengers Bangalore,wickets,7.0,152.0,20.0,N,,HDPK Dharmasena,SS Hazare
419120.0,2009/10,Cuttack,2010-03-21,League,A Symonds,Barabati Stadium,Deccan Chargers,Delhi Daredevils,Deccan Chargers,bat,Deccan Chargers,runs,10.0,172.0,20.0,N,,BF Bowden,M Erasmus
419121.0,2009/10,Chennai,2010-03-21,League,J Theron,"MA Chidambaram Stadium, Chepauk",Chennai Super Kings,Kings XI Punjab,Chennai Super Kings,field,Kings XI Punjab,tie,,137.0,20.0,Y,,K Hariharan,DJ Harper
419122.0,2009/10,Mumbai,2010-03-22,League,SR Tendulkar,Brabourne Stadium,Mumbai Indians,Kolkata Knight Riders,Kolkata Knight Riders,bat,Mumbai Indians,wickets,7.0,156.0,20.0,N,,SS Hazare,SJA Taufel
419123.0,2009/10,Bangalore,2010-03-23,League,RV Uthappa,M Chinnaswamy Stadium,Royal Challengers Bangalore,Chennai Super Kings,Chennai Super Kings,field,Royal Challengers Bangalore,runs,36.0,172.0,20.0,N,,RE Koertzen,RB Tiffin
419124.0,2009/10,Chandigarh,2010-03-24,League,AC Voges,"Punjab Cricket Association Stadium, Mohali",Kings XI Punjab,Rajasthan Royals,Kings XI Punjab,field,Rajasthan Royals,runs,31.0,184.0,20.0,N,,BR Doctrove,SK Tarapore
419125.0,2009/10,Mumbai,2010-03-25,League,SR Tendulkar,"Brabourne Stadium, Mumbai",Chennai Super Kings,Mumbai Indians,Mumbai Indians,field,Mumbai Indians,wickets,5.0,181.0,20.0,N,,AM Saheba,BF Bowden
419128.0,2009/10,Bangalore,2010-03-25,League,KM Jadhav,M Chinnaswamy Stadium,Royal Challengers Bangalore,Delhi Daredevils,Royal Challengers Bangalore,field,Delhi Daredevils,runs,17.0,184.0,20.0,N,,BG Jerling,RE Koertzen
419126.0,2009/10,Ahmedabad,2010-03-26,League,YK Pathan,"Sardar Patel Stadium, Motera",Rajasthan Royals,Deccan Chargers,Deccan Chargers,bat,Rajasthan Royals,wickets,8.0,149.0,20.0,N,,HDPK Dharmasena,SJA Taufel
419127.0,2009/10,Chandigarh,2010-03-27,League,MK Tiwary,"Punjab Cricket Association Stadium, Mohali",Kings XI Punjab,Kolkata Knight Riders,Kolkata Knight Riders,bat,Kolkata Knight Riders,runs,39.0,184.0,20.0,N,,BR Doctrove,S Ravi
419129.0,2009/10,Ahmedabad,2010-03-28,League,NV Ojha,"Sardar Patel Stadium, Motera",Rajasthan Royals,Chennai Super Kings,Rajasthan Royals,bat,,runs,17.0,178.0,20.0,N,,SS Hazare,SJA Taufel
,,,,,,,,,,,,,,,,,,,
419131.0,2009/10,Delhi,2010-03-29,League,DA Warner,Feroz Shah Kotla,Delhi Daredevils,Kolkata Knight Riders,Delhi Daredevils,bat,Delhi Daredevils,runs,40.0,178.0,20.0,N,,SS Hazare,SJA Taufel
419132.0,2009/10,Mumbai,2010-03-30,League,SL Malinga,Brabourne Stadium,Mumbai Indians,Kings XI Punjab,Mumbai Indians,field,Mumbai Indians,wickets,4.0,164.0,20.0,N,,BR Doctrove,SK Tarapore
419133.0,2009/10,Chennai,2010-03-31,League,M Vijay,"MA Chidambaram Stadium, Chepauk",Chennai Super Kings,Royal Challengers Bangalore,Royal Challengers Bangalore,bat,Chennai Super Kings,wickets,5.0,162.0,20.0,N,,BG Jerling,RE Koertzen
419134.0,2009/10,Delhi,2010-03-31,League,KD Karthik,Feroz Shah Kotla,Delhi Daredevils,Rajasthan Royals,Delhi Daredevils,bat,Delhi Daredevils,runs,67.0,189.0,20.0,N,,HDPK Dharmasena,SJA Taufel
419135.0,2009/10,Kolkata,2010-04-01,League,SC Ganguly,Eden Gardens,Kolkata Knight Riders,Deccan Chargers,Kolkata Knight Riders,bat,Kolkata Knight Riders,runs,24.0,182.0,20.0,N,,K Hariharan,DJ Harper
419136.0,2009/10,Chandigarh,2010-04-02,League,KP Pietersen,"Punjab Cricket Association Stadium, Mohali",Kings XI Punjab,Royal Challengers Bangalore,Kings XI Punjab,bat,Royal Challengers Bangalore,wickets,6.0,182.0,20.0,N,,BF Bowden,M Erasmus
419137.0,2009/10,Chennai,2010-04-03,League,M Vijay,"MA Chidambaram Stadium, Chepauk",Chennai Super Kings,Rajasthan Royals,Chennai Super Kings,bat,Chennai Super Kings,runs,23.0,247.0,20.0,N,,RE Koertzen,RB Tiffin
419138.0,2009/10,Mumbai,2010-04-03,League,AT Rayudu,Brabourne Stadium,Mumbai Indians,Deccan Chargers,Mumbai Indians,bat,,runs,63.0,179.0,20.0,N,,BR Doctrove,S Ravi
419139.0,2009/10,Kolkata,2010-04-04,League,DPMD Jayawardene,Eden Gardens,Kolkata Knight Riders,Kings XI Punjab,Kolkata Knight Riders,bat,Kings XI Punjab,wickets,8.0,201.0,20.0,N,,S Asnani,DJ Harper
419140.0,2009/10,Delhi,2010-04-04,League,PD Collingwood,Feroz Shah Kotla,Delhi Daredevils,Royal Challengers Bangalore,Delhi Daredevils,bat,Delhi Daredevils,runs,37.0,185.0,20.0,N,,BF Bowden,M Erasmus
419141.0,2009/10,Nagpur,2010-04-05,League,SK Warne,"Vidarbha Cricket Association Stadium, Jamtha",Deccan Chargers,Rajasthan Royals,Rajasthan Royals,bat,Rajasthan Royals,runs,2.0,160.0,20.0,N,,HDPK Dharmasena,SJA Taufel
419142.0,2009/10,Chennai,2010-04-06,League,SK Raina,"MA Chidambaram Stadium, Chepauk",Chennai Super Kings,Mumbai Indians,Chennai Super Kings,bat,Chennai Super Kings,runs,24.0,166.0,20.0,N,,S Asnani,DJ Harper
419143.0,2009/10,Jaipur,2010-04-07,League,MJ Lumb,Sawai Mansingh Stadium,Rajasthan Royals,Kings XI Punjab,Kings XI Punjab,bat,Rajasthan Royals,wickets,9.0,154.0,20.0,N,,S Ravi,SK Tarapore
419144.0,2009/10,Kolkata,2010-04-07,League,SC Ganguly,Eden Gardens,Kolkata Knight Riders,Delhi Daredevils,Kolkata Knight Riders,bat,Kolkata Knight Riders,runs,14.0,182.0,20.0,N,,BG Jerling,RE Koertzen
419145.0,2009/10,Bangalore,2010-04-08,League,TL Suman,M Chinnaswamy Stadium,Royal Challengers Bangalore,Deccan Chargers,Deccan Chargers,field,,wickets,7.0,185.0,20.0,N,,S Asnani,DJ Harper
419146.0,2009/10,Chandigarh,2010-04-09,League,KC Sangakkara,"Punjab Cricket Association Stadium, Mohali",Kings XI Punjab,Mumbai Indians,Mumbai Indians,bat,Kings XI Punjab,wickets,6.0,155.0,20.0,N,,M Erasmus,AM Saheba
,,,,,,,,,,,,,,,,,,,
419148.0,2009/10,Bangalore,2010-04-10,League,R Vinay Kumar,M Chinnaswamy Stadium,Royal Challengers Bangalore,Kolkata Knight Riders,Royal Challengers Bangalore,field,Royal Challengers Bangalore,wickets,7.0,161.0,20.0,N,,K Hariharan,DJ Harper
,,,,,,,,,,,,,,,,,,,
419150.0,2009/10,Jaipur,2010-04-11,League,SR Tendulkar,Sawai Mansingh Stadium,Rajasthan Royals,Mumbai Indians,Rajasthan Royals,field,Mumbai Indians,runs,37.0,175.0,20.0,N,,BR Doctrove,SK Tarapore
419151.0,2009/10,Nagpur,2010-04-12,League,Harmeet Singh,"Vidarbha Cricket Association Stadium, Jamtha",Deccan Chargers,Royal Challengers Bangalore,Royal Challengers Bangalore,field,Deccan Chargers,runs,13.0,152.0,20.0,N,,RE Koertzen,RB Tiffin
419152.0,2009/10,Mumbai,2010-04-13,League,KA Pollard,Brabourne Stadium,Mumbai Indians,Delhi Daredevils,Mumbai Indians,bat,Mumbai Indians,runs,39.0,184.0,20.0,N,,S Asnani,DJ Harper
419153.0,2009/10,Chennai,2010-04-13,League,R Ashwin,"MA Chidambaram Stadium, Chepauk",Chennai Super Kings,Kolkata Knight Riders,Kolkata Knight Riders,bat,Chennai Super Kings,wickets,9.0,140.0,20.0,N,,SS Hazare,SJA Taufel
419154.0,2009/10,Jaipur,2010-04-14,League,KP Pietersen,Sawai Mansingh Stadium,Rajasthan Royals,Royal Challengers Bangalore,Rajasthan Royals,bat,,wickets,5.0,131.0,20.0,N,,BR Doctrove,S Ravi
419155.0,2009/10,Chennai,2010-04-15,League,G Gambhir,"MA Chidambaram Stadium, Chepauk",Chennai Super Kings,Delhi Daredevils,Chennai Super Kings,bat,Delhi Daredevils,wickets,6.0,113.0,20.0,N,,HDPK Dharmasena,SS Hazare
419156.0,2009/10,Dharamsala,2010-04-16,League,RG Sharma,Himachal Pradesh Cricket Association Stadium,Kings XI Punjab,Deccan Chargers,Deccan Chargers,field,Deccan Chargers,wickets,5.0,175.0,20.0,N,,M Erasmus,AM Saheba
419157.0,2009/10,Bangalore,2010-04-17,League,R McLaren,M Chinnaswamy Stadium,Royal Challengers Bangalore,Mumbai Indians,Royal Challengers Bangalore,field,Mumbai Indians,runs,57.0,192.0,20.0,N,,HDPK Dharmasena,SJA Taufel
419158.0,2009/10,Kolkata,2010-04-17,League,JD Unadkat,Eden Gardens,Kolkata Knight Riders,Rajasthan Royals,Rajasthan Royals,bat,Kolkata Knight Riders,wickets,8.0,133.0,20.0,N,,BG Jerling,RB Tiffin
419159.0,2009/10,Dharamsala,2010-04-18,League,MS Dhoni,Himachal Pradesh Cricket Association Stadium,Kings XI Punjab,Chennai Super Kings,Chennai Super Kings,field,Chennai Super Kings,wickets,6.0,193.0,20.0,N,,BF Bowden,AM Saheba
419160.0,2009/10,Delhi,2010-04-18,League,A Symonds,Feroz Shah Kotla,Delhi Daredevils,Deccan Chargers,Deccan Chargers,bat,Deccan Chargers,runs,11.0,146.0,20.0,N,,BR Doctrove,SK Tarapore
419161.0,2009/10,Kolkata,2010-04-19,League,M Kartik,Eden Gardens,Kolkata Knight Riders,Mumbai Indians,Mumbai Indians,bat,Kolkata Knight Riders,wickets,9.0,134.0,20.0,N,,BG Jerling,RE Koertzen
419162.0,2009/10,Mumbai,2010-04-21,Semi Final,KA Pollard,Dr DY Patil Sports Academy,Royal Challengers Bangalore,Mumbai Indians,Mumbai Indians,bat,Mumbai Indians,runs,35.0,185.0,20.0,N,,BR Doctrove,RB Tiffin
419163.0,2009/10,Mumbai,2010-04-22,Semi Final,DE Bollinger,Dr DY Patil Sports Academy,Chennai Super Kings,Deccan Chargers,Chennai Super Kings,bat,Chennai Super Kings,runs,38.0,143.0,20.0,N,,BR Doctrove,RB Tiffin
419164.0,2009/10,Mumbai,2010-04-24,3rd Place Play-Off,A Kumble,Dr DY Patil Sports Academy,Royal Challengers Bangalore,Deccan Chargers,Deccan Chargers,bat,Royal Challengers Bangalore,wickets,9.0,83.0,20.0,N,,RE Koertzen,SJA Taufel
,,,,,,,,,,,,,,,,,,,
501198.0,2011,Chennai,2011-04-08,League,S Anirudha,"MA Chidambaram Stadium, Chepauk",Chennai Super Kings,Kolkata Knight Riders,Chennai Super Kings,bat,Chennai Super Kings,runs,2.0,154.0,20.0,N,,BR Doctrove,PR Reiffel
501199.0,2011,Hyderabad,2011-04-09,League,SK Trivedi,"Rajiv Gandhi International Stadium, Uppal",Deccan Chargers,Rajasthan Royals,Rajasthan Royals,field,Rajasthan Royals,wickets,8.0,138.0,20.0,N,,RE Koertzen,SK Tarapore
501200.0,2011,Kochi,2011-04-09,League,AB de Villiers,Nehru Stadium,Kochi Tuskers Kerala,Royal Challengers Bangalore,Kochi Tuskers Kerala,bat,Royal Challengers Bangalore,wickets,6.0,162.0,20.0,N,,HDPK Dharmasena,K Hariharan
501201.0,2011,Delhi,2011-04-10,League,SL Malinga,Feroz Shah Kotla,Delhi Daredevils,Mumbai Indians,Delhi Daredevils,bat,Mumbai Indians,wickets,8.0,96.0,20.0,N,,AM Saheba,RB Tiffin
501202.0,2011,Mumbai,2011-04-10,League,SB Wagh,Dr DY Patil Sports Academy,Pune Warriors,Kings XI Punjab,Kings XI Punjab,bat,Pune Warriors,wickets,7.0,113.0,20.0,N,,BR Doctrove,PR Reiffel
501203.0,2011,Kolkata,2011-04-11,League,JH Kallis,Eden Gardens,Kolkata Knight Riders,Deccan Chargers,Kolkata Knight Riders,bat,Kolkata Knight Riders,runs,9.0,164.0,20.0,N,,RE Koertzen,SK Tarapore
501204.0,2011,Jaipur,2011-04-12,League,SK Warne,Sawai Mansingh Stadium,Rajasthan Royals,Delhi Daredevils,Delhi Daredevils,bat,Rajasthan Royals,wickets,6.0,152.0,20.0,N,,Aleem Dar,RB Tiffin
501205.0,2011,Bangalore,2011-04-12,League,SR Tendulkar,M Chinnaswamy Stadium,Royal Challengers Bangalore,Mumbai Indians,Mumbai Indians,field,Mumbai Indians,wickets,9.0,141.0,20.0,N,,HDPK Dharmasena,AL Hill
501206.0,2011,Chandigarh,2011-04-13,League,PC Valthaty,"Punjab Cricket Association Stadium, Mohali",Kings XI Punjab,Chennai Super Kings,Kings XI Punjab,field,Kings XI Punjab,wickets,6.0,189.0,20.0,N,,Asad Rauf,SL Shastri
501207.0,2011,Mumbai,2011-04-13,League,MD Mishra,Dr DY Patil Sports Academy,Pune Warriors,Kochi Tuskers Kerala,Kochi Tuskers Kerala,bat,Pune Warriors,wickets,4.0,149.0,20.0,N,,S Asnani,PR Reiffel
501208.0,2011,Hyderabad,2011-04-14,League,DW Steyn,"Rajiv Gandhi International Stadium, Uppal",Deccan Chargers,Royal Challengers Bangalore,Royal Challengers Bangalore,field,Deccan Chargers,runs,33.0,176.0,20.0,N,,RE Koertzen,S Ravi
501209.0,2011,Jaipur,2011-04-15,League,G Gambhir,Sawai Mansingh Stadium,Rajasthan Royals,Kolkata Knight Riders,Kolkata Knight Riders,field,Kolkata Knight Riders,wickets,9.0,160.0,20.0,N,,Aleem Dar,SS Hazare
501210.0,2011,Mumbai,2011-04-15,League,BB McCullum,Wankhede Stadium,Mumbai Indians,Kochi Tuskers Kerala,Kochi Tuskers Kerala,field,Kochi Tuskers Kerala,wickets,8.0,183.0,20.0,N,,BR Doctrove,PR Reiffel
501211.0,2011,Chennai,2011-04-16,League,MEK Hussey,"MA Chidambaram Stadium, Chepauk",Chennai Super Kings,Royal Challengers Bangalore,Chennai Super Kings,bat,Chennai Super Kings,runs,21.0,184.0,20.0,N,,HDPK Dharmasena,AL Hill
501212.0,2011,Hyderabad,2011-04-16,League,PC Valthaty,"Rajiv Gandhi International Stadium, Uppal",Deccan Chargers,Kings XI Punjab,Kings XI Punjab,field,Kings XI Punjab,wickets,8.0,166.0,20.0,N,,RE Koertzen,S Ravi
501213.0,2011,Mumbai,2011-04-17,League,Yuvraj Singh,Dr DY Patil Sports Academy,Pune Warriors,Delhi Daredevils,Delhi Daredevils,field,Delhi Daredevils,wickets,3.0,188.0,20.0,N,,Asad Rauf,AM Saheba
501214.0,2011,Kolkata,2011-04-17,League,L Balaji,Eden Gardens,Kolkata Knight Riders,Rajasthan Royals,Kolkata Knight Riders,field,,wickets,8.0,82.0,20.0,N,,Aleem Dar,RB Tiffin
501215.0,2011,Kochi,2011-04-18,League,BB McCullum,Nehru Stadium,Kochi Tuskers Kerala,Chennai Super Kings,Kochi Tuskers Kerala,field,Kochi Tuskers Kerala,wickets,7.0,135.0,17.0,N,D/L,K Hariharan,AL Hill
501216.0,2011,Delhi,2011-04-19,League,S Sohal,Feroz Shah Kotla,Delhi Daredevils,Deccan Chargers,Deccan Chargers,bat,Deccan Chargers,runs,16.0,169.0,20.0,N,,PR Reiffel,RJ Tucker
501218.0,2011,Mumbai,2011-04-20,League,MM Patel,Wankhede Stadium,Mumbai Indians,Pune Warriors,Pune Warriors,bat,Mumbai Indians,wickets,7.0,119.0,20.0,N,,Asad Rauf,AM Saheba
501219.0,2011,Kolkata,2011-04-20,League,DPMD Jayawardene,Eden Gardens,Kolkata Knight Riders,Kochi Tuskers Kerala,Kolkata Knight Riders,field,Kochi Tuskers Kerala,runs,6.0,133.0,20.0,N,,Aleem Dar,RB Tiffin
501220.0,2011,Chandigarh,2011-04-21,League,SE Marsh,"Punjab Cricket Association Stadium, Mohali",Kings XI Punjab,Rajasthan Royals,Rajasthan Royals,field,Kings XI Punjab,runs,48.0,196.0,20.0,N,,S Asnani,PR Reiffel
501221.0,2011,Mumbai,2011-04-22,League,Harbhajan Singh,Wankhede Stadium,Mumbai Indians,Chennai Super Kings,Chennai Super Kings,field,Mumbai Indians,runs,8.0,165.0,20.0,N,,Asad Rauf,AM Saheba
501222.0,2011,Kolkata,2011-04-22,League,CH Gayle,Eden Gardens,Kolkata Knight Riders,Royal Challengers Bangalore,Royal Challengers Bangalore,field,Royal Challengers Bangalore,wickets,9.0,172.0,20.0,N,,SS Hazare,RB Tiffin
,,,,,,,,,,,,,,,,,,,
501224.0,2011,Hyderabad,2011-04-24,League,SL Malinga,"Rajiv Gandhi International Stadium, Uppal",Deccan Chargers,Mumbai Indians,Deccan Chargers,field,Mumbai Indians,runs,37.0,173.0,20.0,N,,HDPK Dharmasena,AL Hill
501225.0,2011,Jaipur,2011-04-24,League,SK Warne,Sawai Mansingh Stadium,Rajasthan Royals,Kochi Tuskers Kerala,Rajasthan Royals,field,Rajasthan Royals,wickets,8.0,110.0,20.0,N,,BR Doctrove,SK Tarapore
501226.0,2011,Chennai,2011-04-25,League,MEK Hussey,"MA Chidambaram Stadium, Chepauk",Chennai Super Kings,Pune Warriors,Pune Warriors,field,Chennai Super Kings,runs,25.0,143.0,20.0,N,,Aleem Dar,RB Tiffin
501227.0,2011,Delhi,2011-04-26,League,V Kohli,Feroz Shah Kotla,Delhi Daredevils,Royal Challengers Bangalore,Royal Challengers Bangalore,field,Royal Challengers Bangalore,wickets,3.0,161.0,20.0,N,,S Asnani,RJ Tucker
501228.0,2011,Mumbai,2011-04-27,League,DE Bollinger,Dr DY Patil Sports Academy,Pune Warriors,Chennai Super Kings,Pune Warriors,bat,Chennai Super Kings,wickets,8.0,142.0,20.0,N,,Asad Rauf,SL Shastri
501229.0,2011,Kochi,2011-04-27,League,I Sharma,Nehru Stadium,Kochi Tuskers Kerala,Deccan Chargers,Kochi Tuskers Kerala,field,Deccan Chargers,runs,55.0,130.0,20.0,N,,HDPK Dharmasena,AL Hill
501230.0,2011,Delhi,2011-04-28,League,MK Tiwary,Feroz Shah Kotla,Delhi Daredevils,Kolkata Knight Riders,Delhi Daredevils,field,Kolkata Knight Riders,runs,17.0,149.0,20.0,N,,PR Reiffel,RJ Tucker
501231.0,2011,Jaipur,2011-04-29,League,J Botha,Sawai Mansingh Stadium,Rajasthan Royals,Mumbai Indians,Rajasthan Royals,field,Rajasthan Royals,wickets,7.0,95.0,20.0,N,,Asad Rauf,SK Tarapore
,,,,,,,,,,,,,,,,,,,
501233.0,2011,Kochi,2011-04-30,League,V Sehwag,Nehru Stadium,Kochi Tuskers Kerala,Delhi Daredevils,Delhi Daredevils,bat,Delhi Daredevils,runs,38.0,158.0,20.0,N,,HDPK Dharmasena,AL Hill
501234.0,2011,Kolkata,2011-04-30,League,Iqbal Abdulla,Eden Gardens,Kolkata Knight Riders,Kings XI Punjab,Kolkata Knight Riders,field,Kolkata Knight Riders,wickets,8.0,120.0,20.0,N,,AM Saheba,SL Shastri
501235.0,2011,Jaipur,2011-05-01,League,LRPL Taylor,Sawai Mansingh Stadium,Rajasthan Royals,Pune Warriors,Rajasthan Royals,field,Rajasthan Royals,wickets,6.0,144.0,20.0,N,,SK Tarapore,SJA Taufel
501236.0,2011,Chennai,2011-05-01,League,JA Morkel,"MA Chidambaram Stadium, Chepauk",Chennai Super Kings,Deccan Chargers,Chennai Super Kings,bat,Chennai Super Kings,runs,19.0,166.0,20.0,N,,Aleem Dar,RB Tiffin
501237.0,2011,Mumbai,2011-05-02,League,KA Pollard,Wankhede Stadium,Mumbai Indians,Kings XI Punjab,Kings XI Punjab,field,Mumbai Indians,runs,23.0,160.0,20.0,N,,HDPK Dharmasena,PR Reiffel
501238.0,2011,Delhi,2011-05-02,League,P Parameswaran,Feroz Shah Kotla,Delhi Daredevils,Kochi Tuskers Kerala,Kochi Tuskers Kerala,field,Kochi Tuskers Kerala,wickets,7.0,141.0,20.0,N,,Asad Rauf,SL Shastri
501239.0,2011,Hyderabad,2011-05-03,League,YK Pathan,"Rajiv Gandhi International Stadium, Uppal",Deccan Chargers,Kolkata Knight Riders,Deccan Chargers,field,Kolkata Knight Riders,runs,20.0,170.0,20.0,N,,S Asnani,RJ Tucker
501240.0,2011,Chennai,2011-05-04,League,MEK Hussey,"MA Chidambaram Stadium, Chepauk",Chennai Super Kings,Rajasthan Royals,Rajasthan Royals,bat,Chennai Super Kings,wickets,8.0,148.0,20.0,N,,SS Hazare,RB Tiffin
501241.0,2011,Mumbai,2011-05-04,League,R Sharma,Dr DY Patil Sports Academy,Pune Warriors,Mumbai Indians,Pune Warriors,field,Mumbai Indians,runs,21.0,161.0,20.0,N,,HDPK Dharmasena,SJA Taufel
501242.0,2011,Kochi,2011-05-05,League,BJ Hodge,Nehru Stadium,Kochi Tuskers Kerala,Kolkata Knight Riders,Kolkata Knight Riders,field,Kochi Tuskers Kerala,runs,17.0,157.0,20.0,N,,S Ravi,RJ Tucker
501243.0,2011,Hyderabad,2011-05-05,League,V Sehwag,"Rajiv Gandhi International Stadium, Uppal",Deccan Chargers,Delhi Daredevils,Delhi Daredevils,field,Delhi Daredevils,wickets,4.0,176.0,20.0,N,,Asad Rauf,AM Saheba
501244.0,2011,Bangalore,2011-05-06,League,CH Gayle,M Chinnaswamy Stadium,Royal Challengers Bangalore,Kings XI Punjab,Kings XI Punjab,field,Royal Challengers Bangalore,runs,85.0,206.0,20.0,N,,Aleem Dar,RB Tiffin
501245.0,2011,Kolkata,2011-05-07,League,Iqbal Abdulla,Eden Gardens,Kolkata Knight Riders,Chennai Super Kings,Chennai Super Kings,bat,,runs,10.0,52.0,10.0,N,D/L,Asad Rauf,PR Reiffel
501246.0,2011,Mumbai,2011-05-07,League,AT Rayudu,Wankhede Stadium,Mumbai Indians,Delhi Daredevils,Delhi Daredevils,field,Mumbai Indians,runs,32.0,179.0,20.0,N,,K Hariharan,SJA Taufel
501247.0,2011,Bangalore,2011-05-08,League,CH Gayle,M Chinnaswamy Stadium,Royal Challengers Bangalore,Kochi Tuskers Kerala,Kochi Tuskers Kerala,bat,Royal Challengers Bangalore,wickets,9.0,126.0,20.0,N,,Aleem Dar,SS Hazare
501248.0,2011,Chandigarh,2011-05-08,League,R Sharma,"Punjab Cricket Association Stadium, Mohali",Kings XI Punjab,Pune Warriors,Kings XI Punjab,bat,Pune Warriors,wickets,5.0,120.0,20.0,N,,SK Tarapore,RJ Tucker
501249.0,2011,Jaipur,2011-05-09,League,M Vijay,Sawai Mansingh Stadium,Rajasthan Royals,Chennai Super Kings,Rajasthan Royals,field,Chennai Super Kings,runs,63.0,197.0,20.0,N,,K Hariharan,SJA Taufel
501250.0,2011,Hyderabad,2011-05-10,League,MR Marsh,"Rajiv Gandhi International Stadium, Uppal",Deccan Chargers,Pune Warriors,Deccan Chargers,bat,Pune Warriors,wickets,6.0,137.0,20.0,N,,Asad Rauf,AM Saheba
501251.0,2011,Chandigarh,2011-05-10,League,BA Bhatt,"Punjab Cricket Association Stadium, Mohali",Kings XI Punjab,Mumbai Indians,Mumbai Indians,field,Kings XI Punjab,runs,76.0,164.0,20.0,N,,SK Tarapore,RJ Tucker
501252.0,2011,Jaipur,2011-05-11,League,S Aravind,Sawai Mansingh Stadium,Rajasthan Royals,Royal Challengers Bangalore,Royal Challengers Bangalore,field,Royal Challengers Bangalore,wickets,9.0,147.0,20.0,N,,HDPK Dharmasena,K Hariharan
501253.0,2011,Chennai,2011-05-12,League,MS Dhoni,"MA Chidambaram Stadium, Chepauk",Chennai Super Kings,Delhi Daredevils,Chennai Super Kings,bat,Chennai Super Kings,runs,18.0,177.0,20.0,N,,AM Saheba,SL Shastri
501254.0,2011,UnknownCity,2011-05-13,League,KD Karthik,Holkar Cricket Stadium,Kochi Tuskers Kerala,Kings XI Punjab,Kings XI Punjab,field,Kings XI Punjab,wickets,6.0,179.0,20.0,N,,S Asnani,RJ Tucker
501255.0,2011,Bangalore,2011-05-14,League,CH Gayle,M Chinnaswamy Stadium,Royal Challengers Bangalore,Kolkata Knight Riders,Royal Challengers Bangalore,field,,wickets,4.0,102.0,13.0,N,D/L,RE Koertzen,RB Tiffin
501256.0,2011,Mumbai,2011-05-14,League,A Mishra,Wankhede Stadium,Mumbai Indians,Deccan Chargers,Deccan Chargers,bat,Deccan Chargers,runs,10.0,136.0,20.0,N,,S Ravi,SK Tarapore
501257.0,2011,Dharamsala,2011-05-15,League,PP Chawla,Himachal Pradesh Cricket Association Stadium,Kings XI Punjab,Delhi Daredevils,Delhi Daredevils,field,Kings XI Punjab,runs,29.0,171.0,20.0,N,,Asad Rauf,SL Shastri
501258.0,2011,Indore,2011-05-15,League,BJ Hodge,Holkar Cricket Stadium,Kochi Tuskers Kerala,Rajasthan Royals,Kochi Tuskers Kerala,field,Kochi Tuskers Kerala,wickets,8.0,98.0,20.0,N,,PR Reiffel,RJ Tucker
501259.0,2011,Mumbai,2011-05-16,League,A Mishra,Dr DY Patil Sports Academy,Pune Warriors,Deccan Chargers,Deccan Chargers,field,Deccan Chargers,wickets,6.0,137.0,20.0,N,,S Ravi,SK Tarapore
501260.0,2011,Dharamsala,2011-05-17,League,AC Gilchrist,Himachal Pradesh Cricket Association Stadium,Kings XI Punjab,Royal Challengers Bangalore,Kings XI Punjab,bat,Kings XI Punjab,runs,111.0,233.0,20.0,N,,Asad Rauf,AM Saheba
501261.0,2011,Chennai,2011-05-18,League,WP Saha,"MA Chidambaram Stadium, Chepauk",Chennai Super Kings,Kochi Tuskers Kerala,Chennai Super Kings,bat,Chennai Super Kings,runs,11.0,153.0,20.0,N,,HDPK Dharmasena,RE Koertzen
501262.0,2011,Mumbai,2011-05-19,League,YK Pathan,Dr DY Patil Sports Academy,Pune Warriors,Kolkata Knight Riders,Kolkata Knight Riders,field,Kolkata Knight Riders,wickets,7.0,119.0,20.0,N,,S Ravi,SJA Taufel
501263.0,2011,Mumbai,2011-05-20,League,SR Watson,Wankhede Stadium,Mumbai Indians,Rajasthan Royals,Mumbai Indians,bat,Rajasthan Royals,wickets,10.0,134.0,20.0,N,,RE Koertzen,PR Reiffel
501264.0,2011,Dharamsala,2011-05-21,League,S Dhawan,Himachal Pradesh Cricket Association Stadium,Kings XI Punjab,Deccan Chargers,Kings XI Punjab,field,Deccan Chargers,runs,82.0,199.0,20.0,N,,Asad Rauf,AM Saheba
501265.0,2011,Delhi,2011-05-21,League,,Feroz Shah Kotla,Delhi Daredevils,Pune Warriors,Delhi Daredevils,bat,,no result,,,,N,,SS Hazare,RJ Tucker
501266.0,2011,Bangalore,2011-05-22,League,CH Gayle,M Chinnaswamy Stadium,Royal Challengers Bangalore,Chennai Super Kings,Royal Challengers Bangalore,field,Royal Challengers Bangalore,wickets,8.0,129.0,20.0,N,,K Hariharan,RE Koertzen
501267.0,2011,Kolkata,2011-05-22,League,JEC Franklin,Eden Gardens,Kolkata Knight Riders,Mumbai Indians,Mumbai Indians,field,Mumbai Indians,wickets,5.0,176.0,20.0,N,,SK Tarapore,SJA Taufel
501268.0,2011,Mumbai,2011-05-24,Qualifier 1,SK Raina,Wankhede Stadium,Royal Challengers Bangalore,Chennai Super Kings,Chennai Super Kings,field,Chennai Super Kings,wickets,6.0,176.0,20.0,N,,Asad Rauf,SJA Taufel
501269.0,2011,Mumbai,2011-05-25,Elimination Final,MM Patel,Wankhede Stadium,Mumbai Indians,Kolkata Knight Riders,Mumbai Indians,field,Mumbai Indians,wickets,4.0,148.0,20.0,N,,Asad Rauf,SJA Taufel
501270.0,2011,Chennai,2011-05-27,Qualifier 2,CH Gayle,"MA Chidambaram Stadium, Chepauk",Royal Challengers Bangalore,Mumbai Indians,Mumbai Indians,field,Royal Challengers Bangalore,runs,43.0,186.0,20.0,N,,Asad Rauf,SJA Taufel
,,,,,,,,,,,,,,,,,,,
548306.0,2012,Chennai,2012-04-04,League,RE Levi,"MA Chidambaram Stadium, Chepauk",Chennai Super Kings,Mumbai Indians,Mumbai Indians,field,Mumbai Indians,wickets,8.0,113.0,20.0,N,,JD Cloete,SJA Taufel
548307.0,2012,Kolkata,2012-04-05,League,IK Pathan,Eden Gardens,Kolkata Knight Riders,Delhi Daredevils,Delhi Daredevils,field,XYZ Team,wickets,8.0,98.0,12.0,N,,S Asnani,HDPK Dharmasena
548308.0,2012,Mumbai,2012-04-06,League,SPD Smith,Wankhede Stadium,Mumbai Indians,Pune Warriors,Mumbai Indians,field,Pune Warriors,runs,28.0,130.0,20.0,N,,AK Chaudhary,SJA Taufel
548309.0,2012,Jaipur,2012-04-06,League,AM Rahane,Sawai Mansingh Stadium,Rajasthan Royals,Kings XI Punjab,Kings XI Punjab,field,,runs,31.0,192.0,20.0,N,,BF Bowden,SK Tarapore
548310.0,2012,Bangalore,2012-04-07,League,AB de Villiers,M Chinnaswamy Stadium,Royal Challengers Bangalore,Delhi Daredevils,Delhi Daredevils,field,Royal Challengers Bangalore,runs,20.0,158.0,20.0,N,,S Asnani,S Ravi
548311.0,2012,Visakhapatnam,2012-04-07,League,RA Jadeja,Dr. Y.S. Rajasekhara Reddy ACA-VDCA Cricket Stadium,Deccan Chargers,Chennai Super Kings,Deccan Chargers,field,Chennai Super Kings,runs,74.0,194.0,20.0,N,,JD Cloete,HDPK Dharmasena
548312.0,2012,Jaipur,2012-04-08,League,BJ Hodge,Sawai Mansingh Stadium,Rajasthan Royals,Kolkata Knight Riders,Kolkata Knight Riders,field,Rajasthan Royals,runs,22.0,165.0,20.0,N,,BF Bowden,VA Kulkarni
548313.0,2012,Pune,2012-04-08,League,MN Samuels,Subrata Roy Sahara Stadium,Pune Warriors,Kings XI Punjab,Pune Warriors,bat,Pune Warriors,runs,22.0,167.0,20.0,N,,S Das,SJA Taufel
548314.0,2012,Visakhapatnam,2012-04-09,League,RG Sharma,Dr. Y.S. Rajasekhara Reddy ACA-VDCA Cricket Stadium,Deccan Chargers,Mumbai Indians,Deccan Chargers,bat,Mumbai Indians,wickets,5.0,139.0,20.0,N,,AK Chaudhary,JD Cloete
548315.0,2012,Bangalore,2012-04-10,League,L Balaji,M Chinnaswamy Stadium,Royal Challengers Bangalore,Kolkata Knight Riders,Royal Challengers Bangalore,field,Kolkata Knight Riders,runs,42.0,166.0,20.0,N,,S Ravi,RJ Tucker
548316.0,2012,Delhi,2012-04-10,League,M Morkel,Feroz Shah Kotla,Delhi Daredevils,Chennai Super Kings,Delhi Daredevils,field,Delhi Daredevils,wickets,8.0,111.0,20.0,N,,Asad Rauf,SK Tarapore
548317.0,2012,Mumbai,2012-04-11,League,KA Pollard,Wankhede Stadium,Mumbai Indians,Rajasthan Royals,Rajasthan Royals,field,Mumbai Indians,runs,27.0,198.0,20.0,N,,Aleem Dar,BNJ Oxenford
548318.0,2012,Chennai,2012-04-12,League,F du Plessis,"MA Chidambaram Stadium, Chepauk",Chennai Super Kings,Royal Challengers Bangalore,Royal Challengers Bangalore,bat,,wickets,5.0,206.0,20.0,N,,HDPK Dharmasena,RJ Tucker
548319.0,2012,Chandigarh,2012-04-12,League,AD Mascarenhas,"Punjab Cricket Association Stadium, Mohali",Kings XI Punjab,Pune Warriors,Kings XI Punjab,field,Kings XI Punjab,wickets,7.0,116.0,20.0,N,,VA Kulkarni,SK Tarapore
548320.0,2012,Kolkata,2012-04-13,League,Shakib Al Hasan,Eden Gardens,Kolkata Knight Riders,Rajasthan Royals,Rajasthan Royals,bat,Kolkata Knight Riders,wickets,5.0,132.0,20.0,N,,Asad Rauf,S Asnani
548322.0,2012,Pune,2012-04-14,League,JD Ryder,Subrata Roy Sahara Stadium,Pune Warriors,Chennai Super Kings,Chennai Super Kings,bat,Pune Warriors,wickets,7.0,156.0,20.0,N,,Aleem Dar,BNJ Oxenford
548323.0,2012,Kolkata,2012-04-15,League,SP Narine,Eden Gardens,Kolkata Knight Riders,Kings XI Punjab,Kolkata Knight Riders,field,Kings XI Punjab,runs,2.0,135.0,20.0,N,,Asad Rauf,S Asnani
548324.0,2012,Bangalore,2012-04-15,League,AM Rahane,M Chinnaswamy Stadium,Royal Challengers Bangalore,Rajasthan Royals,Rajasthan Royals,bat,,runs,59.0,196.0,20.0,N,,JD Cloete,RJ Tucker
548325.0,2012,Mumbai,2012-04-16,League,S Nadeem,Wankhede Stadium,Mumbai Indians,Delhi Daredevils,Delhi Daredevils,field,Delhi Daredevils,wickets,7.0,93.0,20.0,N,,BF Bowden,SK Tarapore
548326.0,2012,Jaipur,2012-04-17,League,BJ Hodge,Sawai Mansingh Stadium,Rajasthan Royals,Deccan Chargers,Deccan Chargers,bat,Rajasthan Royals,wickets,5.0,197.0,20.0,N,,Aleem Dar,BNJ Oxenford
548327.0,2012,UnknownCity,2012-04-17,League,CH Gayle,M Chinnaswamy Stadium,Royal Challengers Bangalore,Pune Warriors,Pune Warriors,bat,Royal Challengers Bangalore,wickets,6.0,183.0,20.0,N,,S Asnani,S Das
548328.0,2012,Chandigarh,2012-04-18,League,G Gambhir,"Punjab Cricket Association Stadium, Mohali",Kings XI Punjab,Kolkata Knight Riders,Kings XI Punjab,bat,Kolkata Knight Riders,wickets,8.0,125.0,20.0,N,,JD Cloete,RJ Tucker
548321.0,2012,Delhi,2012-04-19,League,KP Pietersen,Feroz Shah Kotla,Delhi Daredevils,Deccan Chargers,Deccan Chargers,bat,,wickets,5.0,158.0,20.0,N,,BF Bowden,SK Tarapore
548330.0,2012,Chennai,2012-04-19,League,KMDN Kulasekara,"MA Chidambaram Stadium, Chepauk",Chennai Super Kings,Pune Warriors,Pune Warriors,field,Chennai Super Kings,runs,13.0,165.0,20.0,N,,Asad Rauf,S Das
548331.0,2012,Chandigarh,2012-04-20,League,CH Gayle,"Punjab Cricket Association Stadium, Mohali",Kings XI Punjab,Royal Challengers Bangalore,Royal Challengers Bangalore,field,Royal Challengers Bangalore,wickets,5.0,164.0,20.0,N,,S Ravi,RJ Tucker
548332.0,2012,Chennai,2012-04-21,League,F du Plessis,"MA Chidambaram Stadium, Chepauk",Chennai Super Kings,Rajasthan Royals,Rajasthan Royals,bat,Chennai Super Kings,wickets,7.0,147.0,20.0,N,,Aleem Dar,BNJ Oxenford
548333.0,2012,Delhi,2012-04-21,League,SC Ganguly,Feroz Shah Kotla,Delhi Daredevils,Pune Warriors,Delhi Daredevils,field,Pune Warriors,runs,20.0,193.0,20.0,N,,Asad Rauf,S Das
548334.0,2012,Mumbai,2012-04-22,League,SE Marsh,Wankhede Stadium,Mumbai Indians,Kings XI Punjab,Mumbai Indians,bat,Kings XI Punjab,wickets,6.0,164.0,20.0,N,,S Ravi,RJ Tucker
548335.0,2012,Cuttack,2012-04-22,League,B Lee,Barabati Stadium,Deccan Chargers,Kolkata Knight Riders,Kolkata Knight Riders,field,Kolkata Knight Riders,wickets,5.0,127.0,20.0,N,,BF Bowden,SK Tarapore
548336.0,2012,Jaipur,2012-04-23,League,AB de Villiers,Sawai Mansingh Stadium,Rajasthan Royals,Royal Challengers Bangalore,Rajasthan Royals,field,Royal Challengers Bangalore,runs,46.0,190.0,20.0,N,,Asad Rauf,S Asnani
548337.0,2012,Pune,2012-04-24,League,V Sehwag,Subrata Roy Sahara Stadium,Pune Warriors,Delhi Daredevils,Pune Warriors,bat,Delhi Daredevils,wickets,8.0,147.0,20.0,N,,S Ravi,RJ Tucker
548339.0,2012,Chandigarh,2012-04-25,League,AT Rayudu,"Punjab Cricket Association Stadium, Mohali",Kings XI Punjab,Mumbai Indians,Kings XI Punjab,bat,,wickets,4.0,169.0,20.0,N,,Aleem Dar,BNJ Oxenford
548341.0,2012,Pune,2012-04-26,League,CL White,Subrata Roy Sahara Stadium,Pune Warriors,Deccan Chargers,Deccan Chargers,bat,Deccan Chargers,runs,18.0,178.0,20.0,N,,S Ravi,RJ Tucker
548342.0,2012,Delhi,2012-04-27,League,V Sehwag,Feroz Shah Kotla,Delhi Daredevils,Mumbai Indians,Mumbai Indians,field,Delhi Daredevils,runs,37.0,208.0,20.0,N,,Aleem Dar,BNJ Oxenford
548343.0,2012,Chennai,2012-04-28,League,Mandeep Singh,"MA Chidambaram Stadium, Chepauk",Chennai Super Kings,Kings XI Punjab,Kings XI Punjab,bat,Kings XI Punjab,runs,7.0,157.0,20.0,N,,BF Bowden,SK Tarapore
548344.0,2012,Kolkata,2012-04-28,League,G Gambhir,Eden Gardens,Kolkata Knight Riders,Royal Challengers Bangalore,Kolkata Knight Riders,bat,Kolkata Knight Riders,runs,47.0,191.0,20.0,N,,Asad Rauf,BR Doctrove
548345.0,2012,Delhi,2012-04-29,League,V Sehwag,Feroz Shah Kotla,Delhi Daredevils,Rajasthan Royals,Delhi Daredevils,bat,Delhi Daredevils,runs,1.0,153.0,20.0,N,,S Ravi,RJ Tucker
548346.0,2012,Mumbai,2012-04-29,League,DW Steyn,Wankhede Stadium,Mumbai Indians,Deccan Chargers,Mumbai Indians,field,Mumbai Indians,wickets,5.0,101.0,20.0,N,,AK Chaudhary,BNJ Oxenford
,,,,,,,,,,,,,,,,,,,
548348.0,2012,Cuttack,2012-05-01,League,KC Sangakkara,Barabati Stadium,Deccan Chargers,Pune Warriors,Deccan Chargers,bat,XYZ Team,runs,13.0,187.0,20.0,N,,Aleem Dar,AK Chaudhary
548349.0,2012,Jaipur,2012-05-01,League,P Negi,Sawai Mansingh Stadium,Rajasthan Royals,Delhi Daredevils,Rajasthan Royals,bat,Delhi Daredevils,wickets,6.0,142.0,20.0,N,,JD Cloete,SJA Taufel
548350.0,2012,Bangalore,2012-05-02,League,Azhar Mahmood,M Chinnaswamy Stadium,Royal Challengers Bangalore,Kings XI Punjab,Kings XI Punjab,field,Kings XI Punjab,wickets,4.0,159.0,20.0,N,,BF Bowden,C Shamshuddin
,,,,,,,,,,,,,,,,,,,
548352.0,2012,Chennai,2012-05-04,League,SK Raina,"MA Chidambaram Stadium, Chepauk",Chennai Super Kings,Deccan Chargers,Chennai Super Kings,bat,Chennai Super Kings,runs,10.0,161.0,20.0,N,,HDPK Dharmasena,BNJ Oxenford
548353.0,2012,Kolkata,2012-05-05,League,SP Narine,Eden Gardens,Kolkata Knight Riders,Pune Warriors,Kolkata Knight Riders,bat,Kolkata Knight Riders,runs,7.0,151.0,20.0,N,,BF Bowden,SK Tarapore
548354.0,2012,UnknownCity,2012-05-05,League,SR Watson,"Punjab Cricket Association Stadium, Mohali",Kings XI Punjab,Rajasthan Royals,Rajasthan Royals,bat,Rajasthan Royals,runs,43.0,178.0,20.0,N,,JD Cloete,SJA Taufel
548355.0,2012,Mumbai,2012-05-06,League,DR Smith,Wankhede Stadium,Mumbai Indians,Chennai Super Kings,Mumbai Indians,field,Mumbai Indians,wickets,2.0,174.0,20.0,N,,Asad Rauf,S Asnani
548356.0,2012,Bangalore,2012-05-06,League,AB de Villiers,M Chinnaswamy Stadium,Royal Challengers Bangalore,Deccan Chargers,Royal Challengers Bangalore,field,Royal Challengers Bangalore,wickets,5.0,182.0,20.0,N,,HDPK Dharmasena,BNJ Oxenford
548357.0,2012,Delhi,2012-05-07,League,JH Kallis,Feroz Shah Kotla,Delhi Daredevils,Kolkata Knight Riders,Delhi Daredevils,bat,Kolkata Knight Riders,wickets,6.0,154.0,20.0,N,,JD Cloete,S Ravi
548358.0,2012,Pune,2012-05-08,League,SR Watson,Subrata Roy Sahara Stadium,Pune Warriors,Rajasthan Royals,Pune Warriors,bat,Rajasthan Royals,wickets,7.0,126.0,20.0,N,,Asad Rauf,BR Doctrove
548359.0,2012,Hyderabad,2012-05-08,League,Mandeep Singh,"Rajiv Gandhi International Stadium, Uppal",Deccan Chargers,Kings XI Punjab,Deccan Chargers,field,Kings XI Punjab,runs,25.0,171.0,20.0,N,,HDPK Dharmasena,BNJ Oxenford
548360.0,2012,Mumbai,2012-05-09,League,CH Gayle,Wankhede Stadium,Mumbai Indians,Royal Challengers Bangalore,Royal Challengers Bangalore,field,Royal Challengers Bangalore,wickets,9.0,142.0,20.0,N,,BF Bowden,VA Kulkarni
548329.0,2012,Hyderabad,2012-05-10,League,DA Warner,"Rajiv Gandhi International Stadium, Uppal",Deccan Chargers,Delhi Daredevils,Deccan Chargers,bat,Delhi Daredevils,wickets,9.0,188.0,20.0,N,,JD Cloete,SJA Taufel
548361.0,2012,Jaipur,2012-05-10,League,BW Hilfenhaus,Sawai Mansingh Stadium,Rajasthan Royals,Chennai Super Kings,Chennai Super Kings,field,Chennai Super Kings,wickets,4.0,127.0,20.0,N,,BNJ Oxenford,C Shamshuddin
548362.0,2012,Pune,2012-05-11,League,CH Gayle,Subrata Roy Sahara Stadium,Pune Warriors,Royal Challengers Bangalore,Pune Warriors,field,Royal Challengers Bangalore,runs,35.0,174.0,20.0,N,,BF Bowden,SK Tarapore
548363.0,2012,Kolkata,2012-05-12,League,RG Sharma,Eden Gardens,Kolkata Knight Riders,Mumbai Indians,Mumbai Indians,bat,,runs,27.0,183.0,20.0,N,,S Ravi,SJA Taufel
548364.0,2012,Chennai,2012-05-12,League,BW Hilfenhaus,"MA Chidambaram Stadium, Chepauk",Chennai Super Kings,Delhi Daredevils,Chennai Super Kings,field,Chennai Super Kings,wickets,9.0,115.0,20.0,N,,S Das,BR Doctrove
548365.0,2012,Jaipur,2012-05-13,League,A Chandila,Sawai Mansingh Stadium,Rajasthan Royals,Pune Warriors,Rajasthan Royals,bat,Rajasthan Royals,runs,45.0,171.0,20.0,N,,BF Bowden,SK Tarapore
548366.0,2012,Chandigarh,2012-05-13,League,DJ Hussey,"Punjab Cricket Association Stadium, Mohali",Kings XI Punjab,Deccan Chargers,Deccan Chargers,bat,Kings XI Punjab,wickets,4.0,191.0,20.0,N,,HDPK Dharmasena,BNJ Oxenford
548367.0,2012,Bangalore,2012-05-14,League,AT Rayudu,M Chinnaswamy Stadium,Royal Challengers Bangalore,Mumbai Indians,Mumbai Indians,field,Mumbai Indians,wickets,5.0,172.0,20.0,N,,S Das,BR Doctrove
548368.0,2012,Kolkata,2012-05-14,League,MEK Hussey,Eden Gardens,Kolkata Knight Riders,Chennai Super Kings,Chennai Super Kings,field,Chennai Super Kings,wickets,5.0,159.0,20.0,N,,JD Cloete,SJA Taufel
548369.0,2012,Delhi,2012-05-15,League,UT Yadav,Feroz Shah Kotla,Delhi Daredevils,Kings XI Punjab,Kings XI Punjab,bat,Delhi Daredevils,wickets,5.0,137.0,20.0,N,,HDPK Dharmasena,BNJ Oxenford
548370.0,2012,Mumbai,2012-05-16,League,SP Narine,Wankhede Stadium,Mumbai Indians,Kolkata Knight Riders,Mumbai Indians,field,Kolkata Knight Riders,runs,32.0,141.0,20.0,N,,S Das,BR Doctrove
548371.0,2012,Dharamsala,2012-05-17,League,AC Gilchrist,Himachal Pradesh Cricket Association Stadium,Kings XI Punjab,Chennai Super Kings,Kings XI Punjab,field,XYZ Team,wickets,6.0,121.0,20.0,N,,VA Kulkarni,SK Tarapore
548372.0,2012,Delhi,2012-05-17,League,CH Gayle,Feroz Shah Kotla,Delhi Daredevils,Royal Challengers Bangalore,Delhi Daredevils,field,Royal Challengers Bangalore,runs,21.0,216.0,20.0,N,,HDPK Dharmasena,C Shamshuddin
548373.0,2012,Hyderabad,2012-05-18,League,DW Steyn,"Rajiv Gandhi International Stadium, Uppal",Deccan Chargers,Rajasthan Royals,Rajasthan Royals,bat,Deccan Chargers,wickets,5.0,127.0,20.0,N,,S Ravi,SJA Taufel
548374.0,2012,Dharamsala,2012-05-19,League,UT Yadav,Himachal Pradesh Cricket Association Stadium,Kings XI Punjab,Delhi Daredevils,Delhi Daredevils,field,Delhi Daredevils,wickets,6.0,142.0,20.0,N,,BF Bowden,VA Kulkarni
548375.0,2012,Pune,2012-05-19,League,Shakib Al Hasan,Subrata Roy Sahara Stadium,Pune Warriors,Kolkata Knight Riders,Kolkata Knight Riders,bat,Kolkata Knight Riders,runs,34.0,137.0,20.0,N,,S Asnani,BR Doctrove
548376.0,2012,Hyderabad,2012-05-20,League,DW Steyn,"Rajiv Gandhi International Stadium, Uppal",Deccan Chargers,Royal Challengers Bangalore,Royal Challengers Bangalore,field,Deccan Chargers,runs,9.0,133.0,20.0,N,,S Ravi,SJA Taufel
548377.0,2012,Jaipur,2012-05-20,League,DR Smith,Sawai Mansingh Stadium,Rajasthan Royals,Mumbai Indians,Rajasthan Royals,bat,Mumbai Indians,wickets,10.0,163.0,20.0,N,,HDPK Dharmasena,C Shamshuddin
,,,,,,,,,,,,,,,,,,,
548379.0,2012,Bangalore,2012-05-23,Elimination Final,MS Dhoni,M Chinnaswamy Stadium,Chennai Super Kings,Mumbai Indians,Mumbai Indians,field,,runs,38.0,188.0,20.0,N,,BF Bowden,HDPK Dharmasena
548380.0,2012,Chennai,2012-05-25,Qualifier 2,M Vijay,"MA Chidambaram Stadium, Chepauk",Delhi Daredevils,Chennai Super Kings,Delhi Daredevils,field,Chennai Super Kings,runs,86.0,223.0,20.0,N,,BR Doctrove,SJA Taufel
548381.0,2012,Chennai,2012-05-27,Final,MS Bisla,"MA Chidambaram Stadium, Chepauk",Kolkata Knight Riders,Chennai Super Kings,Chennai Super Kings,bat,Kolkata Knight Riders,wickets,5.0,191.0,20.0,N,,BF Bowden,SJA Taufel
597998.0,2013,Kolkata,2013-04-03,League,SP Narine,Eden Gardens,Kolkata Knight Riders,Delhi Daredevils,Kolkata Knight Riders,field,,wickets,6.0,129.0,20.0,N,,S Ravi,SJA Taufel
,,,,,,,,,,,XYZ Team,,,,,,,,
598000.0,2013,Hyderabad,2013-04-05,League,A Mishra,"Rajiv Gandhi International Stadium, Uppal",Sunrisers Hyderabad,Pune Warriors,Pune Warriors,field,Sunrisers Hyderabad,runs,22.0,127.0,20.0,N,,S Ravi,SJA Taufel
598001.0,2013,Delhi,2013-04-06,League,R Dravid,Feroz Shah Kotla,Delhi Daredevils,Rajasthan Royals,Rajasthan Royals,bat,,runs,5.0,166.0,20.0,N,,S Das,C Shamshuddin
598002.0,2013,Chennai,2013-04-06,League,KA Pollard,"MA Chidambaram Stadium, Chepauk",Chennai Super Kings,Mumbai Indians,Mumbai Indians,bat,,runs,9.0,149.0,20.0,N,,M Erasmus,VA Kulkarni
598003.0,2013,Pune,2013-04-07,League,M Vohra,Subrata Roy Sahara Stadium,Pune Warriors,Kings XI Punjab,Pune Warriors,bat,Kings XI Punjab,wickets,8.0,100.0,20.0,N,,S Asnani,SJA Taufel
598004.0,2013,Hyderabad,2013-04-07,League,GH Vihari,"Rajiv Gandhi International Stadium, Uppal",Sunrisers Hyderabad,Royal Challengers Bangalore,Royal Challengers Bangalore,bat,,tie,,131.0,20.0,Y,,AK Chaudhary,S Ravi
598005.0,2013,Jaipur,2013-04-08,League,SK Trivedi,Sawai Mansingh Stadium,Rajasthan Royals,Kolkata Knight Riders,Kolkata Knight Riders,field,Rajasthan Royals,runs,19.0,145.0,20.0,N,,Aleem Dar,S Das
598006.0,2013,Mumbai,2013-04-09,League,KD Karthik,Wankhede Stadium,Mumbai Indians,Delhi Daredevils,Mumbai Indians,bat,Mumbai Indians,runs,44.0,210.0,20.0,N,,M Erasmus,VA Kulkarni
598048.0,2013,Bangalore,2013-04-09,League,V Kohli,M Chinnaswamy Stadium,Royal Challengers Bangalore,Sunrisers Hyderabad,Sunrisers Hyderabad,bat,Royal Challengers Bangalore,wickets,7.0,162.0,20.0,N,,S Ravi,SJA Taufel
598007.0,2013,Chandigarh,2013-04-10,League,MEK Hussey,"Punjab Cricket Association Stadium, Mohali",Kings XI Punjab,Chennai Super Kings,Chennai Super Kings,field,Chennai Super Kings,wickets,10.0,139.0,20.0,N,,Aleem Dar,C Shamshuddin
598008.0,2013,Bangalore,2013-04-11,League,CH Gayle,M Chinnaswamy Stadium,Royal Challengers Bangalore,Kolkata Knight Riders,Royal Challengers Bangalore,field,,wickets,8.0,155.0,20.0,N,,Asad Rauf,AK Chaudhary
598009.0,2013,Pune,2013-04-11,League,AJ Finch,Subrata Roy Sahara Stadium,Pune Warriors,Rajasthan Royals,Rajasthan Royals,bat,Pune Warriors,wickets,7.0,146.0,20.0,N,,M Erasmus,K Srinath
598010.0,2013,Delhi,2013-04-12,League,A Mishra,Feroz Shah Kotla,Delhi Daredevils,Sunrisers Hyderabad,Delhi Daredevils,bat,Sunrisers Hyderabad,wickets,3.0,115.0,20.0,N,,Aleem Dar,Subroto Das
598011.0,2013,Mumbai,2013-04-13,League,RG Sharma,Wankhede Stadium,Mumbai Indians,Pune Warriors,Mumbai Indians,bat,Mumbai Indians,runs,41.0,184.0,20.0,N,,S Ravi,SJA Taufel
598012.0,2013,Chennai,2013-04-13,League,RA Jadeja,"MA Chidambaram Stadium, Chepauk",Chennai Super Kings,Royal Challengers Bangalore,Chennai Super Kings,field,Chennai Super Kings,wickets,4.0,166.0,20.0,N,,Asad Rauf,AK Chaudhary
598013.0,2013,Kolkata,2013-04-14,League,G Gambhir,Eden Gardens,Kolkata Knight Riders,Sunrisers Hyderabad,Kolkata Knight Riders,bat,Kolkata Knight Riders,runs,48.0,181.0,20.0,N,,M Erasmus,VA Kulkarni
598014.0,2013,Jaipur,2013-04-14,League,JP Faulkner,Sawai Mansingh Stadium,Rajasthan Royals,Kings XI Punjab,Rajasthan Royals,field,Rajasthan Royals,wickets,6.0,125.0,20.0,N,,Aleem Dar,C Shamshuddin
598015.0,2013,Chennai,2013-04-15,League,SPD Smith,"MA Chidambaram Stadium, Chepauk",Chennai Super Kings,Pune Warriors,Pune Warriors,bat,Pune Warriors,runs,24.0,160.0,20.0,N,,Asad Rauf,AK Chaudhary
598016.0,2013,Chandigarh,2013-04-16,League,MS Gony,"Punjab Cricket Association Stadium, Mohali",Kings XI Punjab,Kolkata Knight Riders,Kolkata Knight Riders,field,Kings XI Punjab,runs,4.0,158.0,20.0,N,,CK Nandan,SJA Taufel
598017.0,2013,Bangalore,2013-04-16,League,V Kohli,M Chinnaswamy Stadium,Royal Challengers Bangalore,Delhi Daredevils,Royal Challengers Bangalore,field,,tie,,153.0,20.0,Y,,M Erasmus,VA Kulkarni
598018.0,2013,Pune,2013-04-17,League,A Mishra,Maharashtra Cricket Association Stadium,Pune Warriors,Sunrisers Hyderabad,Pune Warriors,field,Sunrisers Hyderabad,runs,11.0,120.0,20.0,N,,Asad Rauf,AK Chaudhary
,,,,,,,,,,,,,,,,,,,
598020.0,2013,Delhi,2013-04-18,League,MEK Hussey,Feroz Shah Kotla,Delhi Daredevils,Chennai Super Kings,Chennai Super Kings,bat,Chennai Super Kings,runs,86.0,170.0,20.0,N,,M Erasmus,VA Kulkarni
598021.0,2013,Hyderabad,2013-04-19,League,GH Vihari,"Rajiv Gandhi International Stadium, Uppal",Sunrisers Hyderabad,Kings XI Punjab,Kings XI Punjab,bat,Sunrisers Hyderabad,wickets,5.0,124.0,20.0,N,,HDPK Dharmasena,CK Nandan
598022.0,2013,Kolkata,2013-04-20,League,RA Jadeja,Eden Gardens,Kolkata Knight Riders,Chennai Super Kings,Kolkata Knight Riders,bat,Chennai Super Kings,wickets,4.0,120.0,20.0,N,,Asad Rauf,AK Chaudhary
598023.0,2013,Bangalore,2013-04-20,League,R Vinay Kumar,M Chinnaswamy Stadium,Royal Challengers Bangalore,Rajasthan Royals,Royal Challengers Bangalore,field,Royal Challengers Bangalore,wickets,7.0,118.0,20.0,N,,Aleem Dar,C Shamshuddin
598024.0,2013,Delhi,2013-04-21,League,V Sehwag,Feroz Shah Kotla,Delhi Daredevils,Mumbai Indians,Mumbai Indians,bat,XYZ Team,wickets,9.0,162.0,20.0,N,,HDPK Dharmasena,S Ravi
598025.0,2013,Chandigarh,2013-04-21,League,DA Miller,"Punjab Cricket Association Stadium, Mohali",Kings XI Punjab,Pune Warriors,Kings XI Punjab,field,XYZ Team,wickets,7.0,186.0,20.0,N,,M Erasmus,K Srinath
598026.0,2013,Chennai,2013-04-22,League,MEK Hussey,"MA Chidambaram Stadium, Chepauk",Chennai Super Kings,Rajasthan Royals,Rajasthan Royals,bat,Chennai Super Kings,wickets,5.0,186.0,20.0,N,,S Asnani,AK Chaudhary
598027.0,2013,Bangalore,2013-04-23,League,CH Gayle,M Chinnaswamy Stadium,Royal Challengers Bangalore,Pune Warriors,Pune Warriors,field,Royal Challengers Bangalore,runs,130.0,264.0,20.0,N,,Aleem Dar,C Shamshuddin
598059.0,2013,Delhi,2013-04-23,League,Harmeet Singh,Feroz Shah Kotla,Delhi Daredevils,Kings XI Punjab,Kings XI Punjab,field,Kings XI Punjab,wickets,5.0,121.0,20.0,N,,VA Kulkarni,K Srinath
598029.0,2013,Kolkata,2013-04-24,League,DR Smith,Eden Gardens,Kolkata Knight Riders,Mumbai Indians,Kolkata Knight Riders,bat,XYZ Team,wickets,5.0,160.0,20.0,N,,HDPK Dharmasena,S Ravi
598030.0,2013,Chennai,2013-04-25,League,MS Dhoni,"MA Chidambaram Stadium, Chepauk",Chennai Super Kings,Sunrisers Hyderabad,Sunrisers Hyderabad,bat,Chennai Super Kings,wickets,5.0,160.0,20.0,N,,Aleem Dar,S Das
598031.0,2013,Kolkata,2013-04-26,League,JH Kallis,Eden Gardens,Kolkata Knight Riders,Kings XI Punjab,Kings XI Punjab,bat,Kolkata Knight Riders,wickets,6.0,150.0,20.0,N,,CK Nandan,S Ravi
598032.0,2013,Jaipur,2013-04-27,League,JP Faulkner,Sawai Mansingh Stadium,Rajasthan Royals,Sunrisers Hyderabad,Sunrisers Hyderabad,bat,Rajasthan Royals,wickets,8.0,145.0,20.0,N,,VA Kulkarni,K Srinath
598033.0,2013,Mumbai,2013-04-27,League,DR Smith,Wankhede Stadium,Mumbai Indians,Royal Challengers Bangalore,Mumbai Indians,bat,,runs,58.0,195.0,20.0,N,,Asad Rauf,S Asnani
598034.0,2013,Chennai,2013-04-28,League,MEK Hussey,"MA Chidambaram Stadium, Chepauk",Chennai Super Kings,Kolkata Knight Riders,Kolkata Knight Riders,field,XYZ Team,runs,14.0,201.0,20.0,N,,Aleem Dar,SJA Taufel
598035.0,2013,Raipur,2013-04-28,League,DA Warner,Shaheed Veer Narayan Singh International Stadium,Delhi Daredevils,Pune Warriors,Pune Warriors,field,Delhi Daredevils,runs,15.0,165.0,20.0,N,,CK Nandan,S Ravi
598036.0,2013,Jaipur,2013-04-29,League,SV Samson,Sawai Mansingh Stadium,Rajasthan Royals,Royal Challengers Bangalore,Rajasthan Royals,field,Rajasthan Royals,wickets,4.0,172.0,20.0,N,,M Erasmus,K Srinath
598037.0,2013,Mumbai,2013-04-29,League,RG Sharma,Wankhede Stadium,Mumbai Indians,Kings XI Punjab,Mumbai Indians,bat,,runs,4.0,175.0,20.0,N,,Asad Rauf,AK Chaudhary
598038.0,2013,Pune,2013-04-30,League,MS Dhoni,Subrata Roy Sahara Stadium,Pune Warriors,Chennai Super Kings,Chennai Super Kings,bat,Chennai Super Kings,runs,37.0,165.0,20.0,N,,S Das,SJA Taufel
598039.0,2013,Hyderabad,2013-05-01,League,I Sharma,"Rajiv Gandhi International Stadium, Uppal",Sunrisers Hyderabad,Mumbai Indians,Mumbai Indians,bat,Sunrisers Hyderabad,wickets,7.0,130.0,20.0,N,,Asad Rauf,S Asnani
598040.0,2013,Raipur,2013-05-01,League,DA Warner,Shaheed Veer Narayan Singh International Stadium,Delhi Daredevils,Kolkata Knight Riders,Kolkata Knight Riders,bat,Delhi Daredevils,wickets,7.0,137.0,20.0,N,,HDPK Dharmasena,CK Nandan
598041.0,2013,Chennai,2013-05-02,League,SK Raina,"MA Chidambaram Stadium, Chepauk",Chennai Super Kings,Kings XI Punjab,Chennai Super Kings,bat,Chennai Super Kings,runs,15.0,187.0,20.0,N,,M Erasmus,VA Kulkarni
,,,,,,,,,,,,,,,,,,,
598043.0,2013,Kolkata,2013-05-03,League,YK Pathan,Eden Gardens,Kolkata Knight Riders,Rajasthan Royals,Rajasthan Royals,bat,Kolkata Knight Riders,wickets,8.0,133.0,20.0,N,,HDPK Dharmasena,CK Nandan
598044.0,2013,Hyderabad,2013-05-04,League,DJG Sammy,"Rajiv Gandhi International Stadium, Uppal",Sunrisers Hyderabad,Delhi Daredevils,Delhi Daredevils,bat,Sunrisers Hyderabad,wickets,6.0,81.0,20.0,N,,Asad Rauf,S Asnani
598046.0,2013,UnknownCity,2013-05-05,League,MG Johnson,Wankhede Stadium,Mumbai Indians,Chennai Super Kings,Mumbai Indians,bat,Mumbai Indians,runs,60.0,140.0,20.0,N,,HDPK Dharmasena,CK Nandan
598047.0,2013,Jaipur,2013-05-05,League,AM Rahane,Sawai Mansingh Stadium,Rajasthan Royals,Pune Warriors,Pune Warriors,bat,Rajasthan Royals,wickets,5.0,179.0,20.0,N,,C Shamshuddin,RJ Tucker
598064.0,2013,Chandigarh,2013-05-06,League,DA Miller,"Punjab Cricket Association Stadium, Mohali",Kings XI Punjab,Royal Challengers Bangalore,Kings XI Punjab,field,Kings XI Punjab,wickets,6.0,191.0,20.0,N,,VA Kulkarni,NJ Llong
598049.0,2013,Jaipur,2013-05-07,League,AM Rahane,Sawai Mansingh Stadium,Rajasthan Royals,Delhi Daredevils,Delhi Daredevils,bat,Rajasthan Royals,wickets,9.0,155.0,20.0,N,,Aleem Dar,RJ Tucker
598050.0,2013,Mumbai,2013-05-07,League,SR Tendulkar,Wankhede Stadium,Mumbai Indians,Kolkata Knight Riders,Mumbai Indians,bat,Mumbai Indians,runs,65.0,171.0,20.0,N,,HDPK Dharmasena,S Ravi
598051.0,2013,Hyderabad,2013-05-08,League,SK Raina,"Rajiv Gandhi International Stadium, Uppal",Sunrisers Hyderabad,Chennai Super Kings,Sunrisers Hyderabad,field,Chennai Super Kings,runs,77.0,224.0,20.0,N,,S Das,NJ Llong
598052.0,2013,Chandigarh,2013-05-09,League,KK Cooper,"Punjab Cricket Association Stadium, Mohali",Kings XI Punjab,Rajasthan Royals,Rajasthan Royals,field,,wickets,8.0,146.0,20.0,N,,HDPK Dharmasena,S Ravi
598053.0,2013,Pune,2013-05-09,League,G Gambhir,Subrata Roy Sahara Stadium,Pune Warriors,Kolkata Knight Riders,Kolkata Knight Riders,bat,Kolkata Knight Riders,runs,46.0,153.0,20.0,N,,Asad Rauf,S Asnani
598054.0,2013,Delhi,2013-05-10,League,JD Unadkat,Feroz Shah Kotla,Delhi Daredevils,Royal Challengers Bangalore,Delhi Daredevils,field,Royal Challengers Bangalore,runs,4.0,184.0,20.0,N,,NJ Llong,K Srinath
598055.0,2013,Pune,2013-05-11,League,MG Johnson,Subrata Roy Sahara Stadium,Pune Warriors,Mumbai Indians,Pune Warriors,bat,Mumbai Indians,wickets,5.0,113.0,20.0,N,,Asad Rauf,AK Chaudhary
598056.0,2013,Chandigarh,2013-05-11,League,PA Patel,"Punjab Cricket Association Stadium, Mohali",Kings XI Punjab,Sunrisers Hyderabad,Kings XI Punjab,field,Sunrisers Hyderabad,runs,30.0,151.0,20.0,N,,S Das,RJ Tucker
598057.0,2013,Ranchi,2013-05-12,League,JH Kallis,JSCA International Stadium Complex,Kolkata Knight Riders,Royal Challengers Bangalore,Kolkata Knight Riders,field,XYZ Team,wickets,5.0,116.0,20.0,N,,NJ Llong,K Srinath
598058.0,2013,Jaipur,2013-05-12,League,SR Watson,Sawai Mansingh Stadium,Rajasthan Royals,Chennai Super Kings,Rajasthan Royals,field,Rajasthan Royals,wickets,5.0,142.0,20.0,N,,HDPK Dharmasena,CK Nandan
598060.0,2013,Mumbai,2013-05-13,League,KA Pollard,Wankhede Stadium,Mumbai Indians,Sunrisers Hyderabad,Sunrisers Hyderabad,bat,Mumbai Indians,wickets,7.0,179.0,20.0,N,,AK Chaudhary,SJA Taufel
598045.0,2013,Bangalore,2013-05-14,League,AC Gilchrist,M Chinnaswamy Stadium,Royal Challengers Bangalore,Kings XI Punjab,Kings XI Punjab,field,Kings XI Punjab,wickets,7.0,175.0,20.0,N,,HDPK Dharmasena,S Ravi
598062.0,2013,Chennai,2013-05-14,League,MS Dhoni,"MA Chidambaram Stadium, Chepauk",Chennai Super Kings,Delhi Daredevils,Chennai Super Kings,bat,Chennai Super Kings,runs,33.0,169.0,20.0,N,,C Shamshuddin,RJ Tucker
598061.0,2013,Ranchi,2013-05-15,League,MK Pandey,JSCA International Stadium Complex,Kolkata Knight Riders,Pune Warriors,Kolkata Knight Riders,field,XYZ Team,runs,7.0,171.0,20.0,N,,NJ Llong,K Srinath
598063.0,2013,Mumbai,2013-05-15,League,AP Tare,Wankhede Stadium,Mumbai Indians,Rajasthan Royals,Rajasthan Royals,field,Mumbai Indians,runs,14.0,167.0,20.0,N,,Asad Rauf,S Asnani
,,UnknownCity,,,,,,,,,,,,,,,,,
598065.0,2013,Hyderabad,2013-05-17,League,A Mishra,"Rajiv Gandhi International Stadium, Uppal",Sunrisers Hyderabad,Rajasthan Royals,Sunrisers Hyderabad,bat,Sunrisers Hyderabad,runs,23.0,137.0,20.0,N,,Asad Rauf,AK Chaudhary
598066.0,2013,Dharamsala,2013-05-18,League,Azhar Mahmood,Himachal Pradesh Cricket Association Stadium,Kings XI Punjab,Mumbai Indians,Mumbai Indians,field,Kings XI Punjab,runs,50.0,184.0,20.0,N,,HDPK Dharmasena,CK Nandan
598068.0,2013,Bangalore,2013-05-18,League,V Kohli,M Chinnaswamy Stadium,Royal Challengers Bangalore,Chennai Super Kings,Chennai Super Kings,field,Royal Challengers Bangalore,runs,24.0,107.0,8.0,N,,C Shamshuddin,RJ Tucker
598067.0,2013,Pune,2013-05-19,League,LJ Wright,Subrata Roy Sahara Stadium,Pune Warriors,Delhi Daredevils,Pune Warriors,bat,Pune Warriors,runs,38.0,173.0,20.0,N,,NJ Llong,SJA Taufel
598069.0,2013,Hyderabad,2013-05-19,League,PA Patel,"Rajiv Gandhi International Stadium, Uppal",Sunrisers Hyderabad,Kolkata Knight Riders,Kolkata Knight Riders,bat,Sunrisers Hyderabad,wickets,5.0,131.0,20.0,N,,Asad Rauf,S Asnani
,,,,,,,,,,,,,,,,,,,
598071.0,2013,Delhi,2013-05-22,Eliminator,BJ Hodge,Feroz Shah Kotla,Rajasthan Royals,Sunrisers Hyderabad,Sunrisers Hyderabad,bat,Rajasthan Royals,wickets,4.0,133.0,20.0,N,,S Ravi,RJ Tucker
598072.0,2013,Kolkata,2013-05-24,Qualifier 2,Harbhajan Singh,Eden Gardens,Mumbai Indians,Rajasthan Royals,Rajasthan Royals,bat,Mumbai Indians,wickets,4.0,166.0,20.0,N,,C Shamshuddin,SJA Taufel
598073.0,2013,Kolkata,2013-05-26,Final,KA Pollard,Eden Gardens,Chennai Super Kings,Mumbai Indians,Mumbai Indians,bat,Mumbai Indians,runs,23.0,149.0,20.0,N,,HDPK Dharmasena,SJA Taufel
729279.0,2014,Abu Dhabi,2014-04-16,League,JH Kallis,Sheikh Zayed Stadium,Mumbai Indians,Kolkata Knight Riders,Kolkata Knight Riders,bat,Kolkata Knight Riders,runs,41.0,164.0,20.0,N,,M Erasmus,RK Illingworth
729281.0,2014,,2014-04-17,League,YS Chahal,Sharjah Cricket Stadium,Delhi Daredevils,Royal Challengers Bangalore,Royal Challengers Bangalore,field,Royal Challengers Bangalore,wickets,8.0,146.0,20.0,N,,Aleem Dar,S Ravi
729283.0,2014,Abu Dhabi,2014-04-18,League,GJ Maxwell,Sheikh Zayed Stadium,Chennai Super Kings,Kings XI Punjab,Chennai Super Kings,bat,Kings XI Punjab,wickets,6.0,206.0,20.0,N,,RK Illingworth,C Shamshuddin
729285.0,2014,Abu Dhabi,2014-04-18,League,AM Rahane,Sheikh Zayed Stadium,Sunrisers Hyderabad,Rajasthan Royals,Rajasthan Royals,field,Rajasthan Royals,wickets,4.0,134.0,20.0,N,,BF Bowden,RK Illingworth
729287.0,2014,UnknownCity,2014-04-19,League,PA Patel,Dubai International Cricket Stadium,Royal Challengers Bangalore,Mumbai Indians,Royal Challengers Bangalore,field,Royal Challengers Bangalore,wickets,7.0,116.0,20.0,N,,Aleem Dar,AK Chaudhary
729289.0,2014,,2014-04-19,League,JP Duminy,Dubai International Cricket Stadium,Kolkata Knight Riders,Delhi Daredevils,Kolkata Knight Riders,bat,Delhi Daredevils,wickets,4.0,167.0,20.0,N,,Aleem Dar,VA Kulkarni
729291.0,2014,,2014-04-20,League,GJ Maxwell,Sharjah Cricket Stadium,Rajasthan Royals,Kings XI Punjab,Kings XI Punjab,field,Kings XI Punjab,wickets,7.0,192.0,20.0,N,,BF Bowden,M Erasmus
729293.0,2014,Abu Dhabi,2014-04-21,League,SK Raina,Sheikh Zayed Stadium,Chennai Super Kings,Delhi Daredevils,Chennai Super Kings,bat,Chennai Super Kings,runs,93.0,178.0,20.0,N,,RK Illingworth,C Shamshuddin
729295.0,2014,,2014-04-22,League,GJ Maxwell,Sharjah Cricket Stadium,Kings XI Punjab,Sunrisers Hyderabad,Sunrisers Hyderabad,field,Kings XI Punjab,runs,72.0,194.0,20.0,N,,M Erasmus,S Ravi
729297.0,2014,,2014-04-23,League,RA Jadeja,Dubai International Cricket Stadium,Rajasthan Royals,Chennai Super Kings,Rajasthan Royals,field,Chennai Super Kings,runs,7.0,141.0,20.0,N,,HDPK Dharmasena,RK Illingworth
729299.0,2014,,2014-04-24,League,CA Lynn,Sharjah Cricket Stadium,Royal Challengers Bangalore,Kolkata Knight Riders,Royal Challengers Bangalore,field,,runs,2.0,151.0,20.0,N,,Aleem Dar,VA Kulkarni
729301.0,2014,,2014-04-25,League,AJ Finch,Dubai International Cricket Stadium,Sunrisers Hyderabad,Delhi Daredevils,Sunrisers Hyderabad,bat,Sunrisers Hyderabad,runs,4.0,185.0,20.0,N,,M Erasmus,S Ravi
729303.0,2014,,2014-04-25,League,MM Sharma,Dubai International Cricket Stadium,Chennai Super Kings,Mumbai Indians,Mumbai Indians,bat,Chennai Super Kings,wickets,7.0,142.0,20.0,N,,BF Bowden,M Erasmus
729305.0,2014,Abu Dhabi,2014-04-26,League,PV Tambe,Sheikh Zayed Stadium,Rajasthan Royals,Royal Challengers Bangalore,Rajasthan Royals,field,Rajasthan Royals,wickets,6.0,71.0,20.0,N,,HDPK Dharmasena,C Shamshuddin
729307.0,2014,Abu Dhabi,2014-04-26,League,Sandeep Sharma,Sheikh Zayed Stadium,Kolkata Knight Riders,Kings XI Punjab,Kolkata Knight Riders,field,Kings XI Punjab,runs,23.0,133.0,20.0,N,,HDPK Dharmasena,RK Illingworth
729309.0,2014,,2014-04-27,League,M Vijay,Sharjah Cricket Stadium,Delhi Daredevils,Mumbai Indians,Mumbai Indians,bat,Delhi Daredevils,wickets,6.0,126.0,20.0,N,,Aleem Dar,VA Kulkarni
729311.0,2014,,2014-04-27,League,DR Smith,Sharjah Cricket Stadium,Sunrisers Hyderabad,Chennai Super Kings,Sunrisers Hyderabad,bat,Chennai Super Kings,wickets,5.0,146.0,20.0,N,,AK Chaudhary,VA Kulkarni
729313.0,2014,,2014-04-28,League,Sandeep Sharma,Dubai International Cricket Stadium,Kings XI Punjab,Royal Challengers Bangalore,Kings XI Punjab,field,Kings XI Punjab,wickets,5.0,125.0,20.0,N,,BF Bowden,S Ravi
729315.0,2014,Abu Dhabi,2014-04-29,League,JP Faulkner,Sheikh Zayed Stadium,Kolkata Knight Riders,Rajasthan Royals,Rajasthan Royals,bat,Rajasthan Royals,tie,,153.0,20.0,Y,,Aleem Dar,AK Chaudhary
729317.0,2014,,2014-04-30,League,B Kumar,Dubai International Cricket Stadium,Mumbai Indians,Sunrisers Hyderabad,Mumbai Indians,field,Sunrisers Hyderabad,runs,15.0,173.0,20.0,N,,HDPK Dharmasena,M Erasmus
733971.0,2014,UnknownCity,2014-05-02,League,RA Jadeja,JSCA International Stadium Complex,Chennai Super Kings,Kolkata Knight Riders,Chennai Super Kings,bat,Chennai Super Kings,runs,34.0,149.0,17.0,N,,AK Chaudhary,NJ Llong
733973.0,2014,Mumbai,2014-05-03,League,CJ Anderson,Wankhede Stadium,Mumbai Indians,Kings XI Punjab,Kings XI Punjab,bat,Mumbai Indians,wickets,5.0,169.0,20.0,N,,BNJ Oxenford,C Shamshuddin
733975.0,2014,Delhi,2014-05-03,League,KK Nair,Feroz Shah Kotla,Delhi Daredevils,Rajasthan Royals,Rajasthan Royals,field,,wickets,7.0,153.0,20.0,N,,SS Hazare,S Ravi
733977.0,2014,Bangalore,2014-05-04,League,AB de Villiers,M Chinnaswamy Stadium,Royal Challengers Bangalore,Sunrisers Hyderabad,Royal Challengers Bangalore,field,Royal Challengers Bangalore,wickets,4.0,156.0,20.0,N,,HDPK Dharmasena,VA Kulkarni
733979.0,2014,Ahmedabad,2014-05-05,League,PV Tambe,"Sardar Patel Stadium, Motera",Rajasthan Royals,Kolkata Knight Riders,Kolkata Knight Riders,field,Rajasthan Royals,runs,10.0,171.0,20.0,N,,NJ Llong,CK Nandan
733981.0,2014,Delhi,2014-05-05,League,DR Smith,Feroz Shah Kotla,Delhi Daredevils,Chennai Super Kings,Chennai Super Kings,field,Chennai Super Kings,wickets,8.0,179.0,20.0,N,,RM Deshpande,BNJ Oxenford
733983.0,2014,Mumbai,2014-05-06,League,RG Sharma,Wankhede Stadium,Mumbai Indians,Royal Challengers Bangalore,Royal Challengers Bangalore,field,Mumbai Indians,runs,19.0,188.0,20.0,N,,S Ravi,K Srinath
733985.0,2014,Delhi,2014-05-07,League,G Gambhir,Feroz Shah Kotla,Delhi Daredevils,Kolkata Knight Riders,Delhi Daredevils,bat,Kolkata Knight Riders,wickets,8.0,161.0,20.0,N,,BNJ Oxenford,C Shamshuddin
733987.0,2014,Cuttack,2014-05-07,League,GJ Maxwell,Barabati Stadium,Kings XI Punjab,Chennai Super Kings,Chennai Super Kings,field,Kings XI Punjab,runs,44.0,232.0,20.0,N,,HDPK Dharmasena,PG Pathak
733989.0,2014,Ahmedabad,2014-05-08,League,B Kumar,"Sardar Patel Stadium, Motera",Rajasthan Royals,Sunrisers Hyderabad,Rajasthan Royals,field,Sunrisers Hyderabad,runs,32.0,135.0,20.0,N,,AK Chaudhary,NJ Llong
733991.0,2014,Bangalore,2014-05-09,League,Sandeep Sharma,M Chinnaswamy Stadium,Royal Challengers Bangalore,Kings XI Punjab,Royal Challengers Bangalore,field,Kings XI Punjab,runs,32.0,199.0,20.0,N,,S Ravi,K Srinath
733993.0,2014,Delhi,2014-05-10,League,DW Steyn,Feroz Shah Kotla,Delhi Daredevils,Sunrisers Hyderabad,Sunrisers Hyderabad,field,Sunrisers Hyderabad,wickets,8.0,43.0,5.0,N,D/L,RM Deshpande,BNJ Oxenford
733995.0,2014,Mumbai,2014-05-10,League,DR Smith,Wankhede Stadium,Mumbai Indians,Chennai Super Kings,Chennai Super Kings,field,Chennai Super Kings,wickets,4.0,158.0,20.0,N,,HDPK Dharmasena,VA Kulkarni
733997.0,2014,Cuttack,2014-05-11,League,G Gambhir,Barabati Stadium,Kings XI Punjab,Kolkata Knight Riders,Kolkata Knight Riders,field,Kolkata Knight Riders,wickets,9.0,150.0,20.0,N,,NJ Llong,CK Nandan
733999.0,2014,UnknownCity,2014-05-11,League,JP Faulkner,M Chinnaswamy Stadium,Royal Challengers Bangalore,Rajasthan Royals,Royal Challengers Bangalore,bat,Rajasthan Royals,wickets,5.0,191.0,20.0,N,,S Ravi,RJ Tucker
734001.0,2014,Hyderabad,2014-05-12,League,AT Rayudu,"Rajiv Gandhi International Stadium, Uppal",Sunrisers Hyderabad,Mumbai Indians,Sunrisers Hyderabad,bat,Mumbai Indians,wickets,7.0,158.0,20.0,N,,HDPK Dharmasena,VA Kulkarni
734003.0,2014,Ranchi,2014-05-13,League,RA Jadeja,JSCA International Stadium Complex,Chennai Super Kings,Rajasthan Royals,Rajasthan Royals,bat,Chennai Super Kings,wickets,5.0,149.0,20.0,N,,BNJ Oxenford,C Shamshuddin
734005.0,2014,Bangalore,2014-05-13,League,Yuvraj Singh,M Chinnaswamy Stadium,Royal Challengers Bangalore,Delhi Daredevils,Delhi Daredevils,field,Royal Challengers Bangalore,runs,16.0,187.0,20.0,N,,K Srinath,RJ Tucker
734007.0,2014,Hyderabad,2014-05-14,League,WP Saha,"Rajiv Gandhi International Stadium, Uppal",Sunrisers Hyderabad,Kings XI Punjab,Kings XI Punjab,field,Kings XI Punjab,wickets,6.0,206.0,20.0,N,,VA Kulkarni,PG Pathak
734009.0,2014,UnknownCity,2014-05-14,League,RV Uthappa,Barabati Stadium,Kolkata Knight Riders,Mumbai Indians,Kolkata Knight Riders,field,,wickets,6.0,142.0,20.0,N,,AK Chaudhary,NJ Llong
734011.0,2014,Ahmedabad,2014-05-15,League,AM Rahane,"Sardar Patel Stadium, Motera",Rajasthan Royals,Delhi Daredevils,Delhi Daredevils,field,Rajasthan Royals,runs,62.0,202.0,20.0,N,,S Ravi,RJ Tucker
734013.0,2014,Ranchi,2014-05-18,League,AB de Villiers,JSCA International Stadium Complex,Chennai Super Kings,Royal Challengers Bangalore,Chennai Super Kings,bat,Royal Challengers Bangalore,wickets,5.0,139.0,20.0,N,,BNJ Oxenford,C Shamshuddin
734015.0,2014,Hyderabad,2014-05-18,League,UT Yadav,"Rajiv Gandhi International Stadium, Uppal",Sunrisers Hyderabad,Kolkata Knight Riders,Sunrisers Hyderabad,bat,Kolkata Knight Riders,wickets,7.0,143.0,20.0,N,,NJ Llong,CK Nandan
734017.0,2014,Ahmedabad,2014-05-19,League,MEK Hussey,"Sardar Patel Stadium, Motera",Rajasthan Royals,Mumbai Indians,Mumbai Indians,bat,,runs,25.0,179.0,20.0,N,,S Ravi,RJ Tucker
734019.0,2014,Delhi,2014-05-19,League,AR Patel,Feroz Shah Kotla,Delhi Daredevils,Kings XI Punjab,Kings XI Punjab,field,Kings XI Punjab,wickets,4.0,165.0,20.0,N,,HDPK Dharmasena,PG Pathak
734021.0,2014,Hyderabad,2014-05-20,League,DA Warner,"Rajiv Gandhi International Stadium, Uppal",Sunrisers Hyderabad,Royal Challengers Bangalore,Royal Challengers Bangalore,bat,Sunrisers Hyderabad,wickets,7.0,161.0,20.0,N,,AK Chaudhary,NJ Llong
734023.0,2014,Kolkata,2014-05-20,League,RV Uthappa,Eden Gardens,Kolkata Knight Riders,Chennai Super Kings,Kolkata Knight Riders,field,Kolkata Knight Riders,wickets,8.0,155.0,20.0,N,,RM Deshpande,C Shamshuddin
734025.0,2014,Chandigarh,2014-05-21,League,LMP Simmons,"Punjab Cricket Association Stadium, Mohali",Kings XI Punjab,Mumbai Indians,Mumbai Indians,field,Mumbai Indians,wickets,7.0,157.0,20.0,N,,HDPK Dharmasena,VA Kulkarni
734027.0,2014,Kolkata,2014-05-22,League,RV Uthappa,Eden Gardens,Kolkata Knight Riders,Royal Challengers Bangalore,Royal Challengers Bangalore,field,Kolkata Knight Riders,runs,30.0,196.0,20.0,N,,AK Chaudhary,CK Nandan
734029.0,2014,Ranchi,2014-05-22,League,DA Warner,JSCA International Stadium Complex,Chennai Super Kings,Sunrisers Hyderabad,Sunrisers Hyderabad,field,,wickets,6.0,186.0,20.0,N,,BNJ Oxenford,C Shamshuddin
734031.0,2014,Mumbai,2014-05-23,League,MEK Hussey,Wankhede Stadium,Mumbai Indians,Delhi Daredevils,Delhi Daredevils,field,Mumbai Indians,runs,15.0,174.0,20.0,N,,S Ravi,RJ Tucker
734033.0,2014,Chandigarh,2014-05-23,League,SE Marsh,"Punjab Cricket Association Stadium, Mohali",Kings XI Punjab,Rajasthan Royals,Rajasthan Royals,field,Kings XI Punjab,runs,16.0,180.0,20.0,N,,HDPK Dharmasena,PG Pathak
734035.0,2014,Bangalore,2014-05-24,League,MS Dhoni,M Chinnaswamy Stadium,Royal Challengers Bangalore,Chennai Super Kings,Chennai Super Kings,field,Chennai Super Kings,wickets,8.0,155.0,20.0,N,,AK Chaudhary,NJ Llong
,,,,,,,,,,,,,,,,,,,
734039.0,2014,Chandigarh,2014-05-25,League,M Vohra,"Punjab Cricket Association Stadium, Mohali",Kings XI Punjab,Delhi Daredevils,Kings XI Punjab,field,Kings XI Punjab,wickets,7.0,116.0,20.0,N,,HDPK Dharmasena,VA Kulkarni
734041.0,2014,Mumbai,2014-05-25,League,CJ Anderson,Wankhede Stadium,Mumbai Indians,Rajasthan Royals,Mumbai Indians,field,Mumbai Indians,wickets,5.0,190.0,20.0,N,,K Srinath,RJ Tucker
734043.0,2014,Kolkata,2014-05-27,Qualifier 1,UT Yadav,Eden Gardens,Kings XI Punjab,Kolkata Knight Riders,Kings XI Punjab,field,Kolkata Knight Riders,runs,28.0,164.0,20.0,N,,NJ Llong,S Ravi
734045.0,2014,Mumbai,2014-05-28,Eliminator,SK Raina,Brabourne Stadium,Chennai Super Kings,Mumbai Indians,Chennai Super Kings,field,Chennai Super Kings,wickets,7.0,174.0,20.0,N,,VA Kulkarni,BNJ Oxenford
734047.0,2014,Mumbai,2014-05-30,Qualifier 2,V Sehwag,Wankhede Stadium,Chennai Super Kings,Kings XI Punjab,Chennai Super Kings,field,Kings XI Punjab,runs,24.0,227.0,20.0,N,,HDPK Dharmasena,RJ Tucker
734049.0,2014,Bangalore,2014-06-01,Final,MK Pandey,M Chinnaswamy Stadium,Kolkata Knight Riders,Kings XI Punjab,Kolkata Knight Riders,field,Kolkata Knight Riders,wickets,3.0,200.0,20.0,N,,HDPK Dharmasena,BNJ Oxenford
829705.0,2015,Kolkata,2015-04-08,League,M Morkel,Eden Gardens,Kolkata Knight Riders,Mumbai Indians,Kolkata Knight Riders,field,XYZ Team,wickets,7.0,169.0,20.0,N,,S Ravi,C Shamshuddin
829707.0,2015,Chennai,2015-04-09,League,A Nehra,"MA Chidambaram Stadium, Chepauk",Chennai Super Kings,Delhi Daredevils,Delhi Daredevils,field,Chennai Super Kings,runs,1.0,151.0,20.0,N,,RK Illingworth,VA Kulkarni
829709.0,2015,Pune,2015-04-10,League,JP Faulkner,Maharashtra Cricket Association Stadium,Kings XI Punjab,Rajasthan Royals,Kings XI Punjab,field,Rajasthan Royals,runs,26.0,163.0,20.0,N,,SD Fry,CB Gaffaney
829711.0,2015,Chennai,2015-04-11,League,BB McCullum,"MA Chidambaram Stadium, Chepauk",Chennai Super Kings,Sunrisers Hyderabad,Chennai Super Kings,bat,Chennai Super Kings,runs,45.0,210.0,20.0,N,,RK Illingworth,VA Kulkarni
829713.0,2015,UnknownCity,2015-04-11,League,CH Gayle,Eden Gardens,Kolkata Knight Riders,Royal Challengers Bangalore,Royal Challengers Bangalore,field,Royal Challengers Bangalore,wickets,3.0,178.0,20.0,N,,S Ravi,C Shamshuddin
829715.0,2015,Delhi,2015-04-12,League,DJ Hooda,Feroz Shah Kotla,Delhi Daredevils,Rajasthan Royals,Rajasthan Royals,field,Rajasthan Royals,wickets,3.0,185.0,20.0,N,,SD Fry,CB Gaffaney
829717.0,2015,Mumbai,2015-04-12,League,GJ Bailey,Wankhede Stadium,Mumbai Indians,Kings XI Punjab,Mumbai Indians,field,Kings XI Punjab,runs,18.0,178.0,20.0,N,,AK Chaudhary,K Srinivasan
829719.0,2015,Bangalore,2015-04-13,League,DA Warner,M Chinnaswamy Stadium,Royal Challengers Bangalore,Sunrisers Hyderabad,Sunrisers Hyderabad,field,Sunrisers Hyderabad,wickets,8.0,167.0,20.0,N,,RM Deshpande,RK Illingworth
829721.0,2015,Ahmedabad,2015-04-14,League,SPD Smith,"Sardar Patel Stadium, Motera",Rajasthan Royals,Mumbai Indians,Mumbai Indians,bat,Rajasthan Royals,wickets,7.0,165.0,20.0,N,,AK Chaudhary,SD Fry
829725.0,2015,Pune,2015-04-15,League,MA Agarwal,Maharashtra Cricket Association Stadium,Kings XI Punjab,Delhi Daredevils,Kings XI Punjab,bat,Delhi Daredevils,wickets,5.0,166.0,20.0,N,,CB Gaffaney,K Srinath
829727.0,2015,Visakhapatnam,2015-04-16,League,AM Rahane,Dr. Y.S. Rajasekhara Reddy ACA-VDCA Cricket Stadium,Sunrisers Hyderabad,Rajasthan Royals,Rajasthan Royals,field,Rajasthan Royals,wickets,6.0,128.0,20.0,N,,PG Pathak,S Ravi
829729.0,2015,Mumbai,2015-04-17,League,A Nehra,Wankhede Stadium,Mumbai Indians,Chennai Super Kings,Mumbai Indians,bat,Chennai Super Kings,wickets,6.0,184.0,20.0,N,,AK Chaudhary,M Erasmus
829731.0,2015,Visakhapatnam,2015-04-18,League,JP Duminy,Dr. Y.S. Rajasekhara Reddy ACA-VDCA Cricket Stadium,Sunrisers Hyderabad,Delhi Daredevils,Delhi Daredevils,bat,Delhi Daredevils,runs,4.0,168.0,20.0,N,,PG Pathak,S Ravi
829733.0,2015,Pune,2015-04-18,League,AD Russell,Maharashtra Cricket Association Stadium,Kings XI Punjab,Kolkata Knight Riders,Kolkata Knight Riders,field,Kolkata Knight Riders,wickets,4.0,156.0,20.0,N,,SD Fry,CK Nandan
829735.0,2015,Ahmedabad,2015-04-19,League,AM Rahane,"Sardar Patel Stadium, Motera",Rajasthan Royals,Chennai Super Kings,Chennai Super Kings,bat,,wickets,8.0,157.0,20.0,N,,AK Chaudhary,M Erasmus
829737.0,2015,Bangalore,2015-04-19,League,Harbhajan Singh,M Chinnaswamy Stadium,Royal Challengers Bangalore,Mumbai Indians,Royal Challengers Bangalore,field,Mumbai Indians,runs,18.0,210.0,20.0,N,,RK Illingworth,VA Kulkarni
829739.0,2015,Delhi,2015-04-20,League,UT Yadav,Feroz Shah Kotla,Delhi Daredevils,Kolkata Knight Riders,Kolkata Knight Riders,field,Kolkata Knight Riders,wickets,6.0,147.0,20.0,N,,SD Fry,CB Gaffaney
829741.0,2015,Ahmedabad,2015-04-21,League,SE Marsh,"Sardar Patel Stadium, Motera",Rajasthan Royals,Kings XI Punjab,Kings XI Punjab,field,Kings XI Punjab,tie,,192.0,20.0,Y,,M Erasmus,S Ravi
829743.0,2015,UnknownCity,2015-04-22,League,DA Warner,Dr. Y.S. Rajasekhara Reddy ACA-VDCA Cricket Stadium,Sunrisers Hyderabad,Kolkata Knight Riders,Kolkata Knight Riders,field,Sunrisers Hyderabad,runs,16.0,118.0,12.0,N,D/L,RK Illingworth,VA Kulkarni
829745.0,2015,Bangalore,2015-04-22,League,SK Raina,M Chinnaswamy Stadium,Royal Challengers Bangalore,Chennai Super Kings,Royal Challengers Bangalore,field,Chennai Super Kings,runs,27.0,182.0,20.0,N,,JD Cloete,C Shamshuddin
829747.0,2015,Delhi,2015-04-23,League,SS Iyer,Feroz Shah Kotla,Delhi Daredevils,Mumbai Indians,Mumbai Indians,field,Delhi Daredevils,runs,37.0,191.0,20.0,N,,SD Fry,CK Nandan
829749.0,2015,Ahmedabad,2015-04-24,League,MA Starc,"Sardar Patel Stadium, Motera",Rajasthan Royals,Royal Challengers Bangalore,Royal Challengers Bangalore,field,,wickets,9.0,131.0,20.0,N,,M Erasmus,S Ravi
829751.0,2015,Mumbai,2015-04-25,League,SL Malinga,Wankhede Stadium,Mumbai Indians,Sunrisers Hyderabad,Mumbai Indians,bat,Mumbai Indians,runs,20.0,158.0,20.0,N,,HDPK Dharmasena,CB Gaffaney
829753.0,2015,Chennai,2015-04-25,League,BB McCullum,"MA Chidambaram Stadium, Chepauk",Chennai Super Kings,Kings XI Punjab,Chennai Super Kings,bat,Chennai Super Kings,runs,97.0,193.0,20.0,N,,JD Cloete,C Shamshuddin
829757.0,2015,Delhi,2015-04-26,League,VR Aaron,Feroz Shah Kotla,Delhi Daredevils,Royal Challengers Bangalore,Royal Challengers Bangalore,field,Royal Challengers Bangalore,wickets,10.0,96.0,20.0,N,,M Erasmus,S Ravi
829759.0,2015,Chandigarh,2015-04-27,League,TA Boult,"Punjab Cricket Association Stadium, Mohali",Kings XI Punjab,Sunrisers Hyderabad,Kings XI Punjab,field,Sunrisers Hyderabad,runs,20.0,151.0,20.0,N,,HDPK Dharmasena,CB Gaffaney
829765.0,2015,Chennai,2015-04-28,League,DJ Bravo,"MA Chidambaram Stadium, Chepauk",Chennai Super Kings,Kolkata Knight Riders,Kolkata Knight Riders,field,Chennai Super Kings,runs,2.0,135.0,20.0,N,,RM Deshpande,VA Kulkarni
829763.0,2015,Bangalore,2015-04-29,League,,M Chinnaswamy Stadium,Royal Challengers Bangalore,Rajasthan Royals,Rajasthan Royals,field,,no result,,,,N,,JD Cloete,PG Pathak
829723.0,2015,Kolkata,2015-04-30,League,AD Russell,Eden Gardens,Kolkata Knight Riders,Chennai Super Kings,Kolkata Knight Riders,field,Kolkata Knight Riders,wickets,7.0,166.0,20.0,N,,AK Chaudhary,M Erasmus
829767.0,2015,Delhi,2015-05-01,League,NM Coulter-Nile,Feroz Shah Kotla,Delhi Daredevils,Kings XI Punjab,Delhi Daredevils,field,Delhi Daredevils,wickets,9.0,119.0,20.0,N,,RK Illingworth,S Ravi
829769.0,2015,Mumbai,2015-05-01,League,AT Rayudu,Wankhede Stadium,Mumbai Indians,Rajasthan Royals,Rajasthan Royals,field,Mumbai Indians,runs,8.0,188.0,20.0,N,,HDPK Dharmasena,CK Nandan
829771.0,2015,Bangalore,2015-05-02,League,Mandeep Singh,M Chinnaswamy Stadium,Royal Challengers Bangalore,Kolkata Knight Riders,Royal Challengers Bangalore,field,Royal Challengers Bangalore,wickets,7.0,112.0,10.0,N,,JD Cloete,PG Pathak
829773.0,2015,Hyderabad,2015-05-02,League,DA Warner,"Rajiv Gandhi International Stadium, Uppal",Sunrisers Hyderabad,Chennai Super Kings,Chennai Super Kings,field,Sunrisers Hyderabad,runs,22.0,193.0,20.0,N,,AK Chaudhary,K Srinivasan
829775.0,2015,Chandigarh,2015-05-03,League,LMP Simmons,"Punjab Cricket Association Stadium, Mohali",Kings XI Punjab,Mumbai Indians,Mumbai Indians,bat,Mumbai Indians,runs,23.0,173.0,20.0,N,,RK Illingworth,VA Kulkarni
829777.0,2015,Mumbai,2015-05-03,League,AM Rahane,Brabourne Stadium,Rajasthan Royals,Delhi Daredevils,Delhi Daredevils,field,Rajasthan Royals,runs,14.0,190.0,20.0,N,,HDPK Dharmasena,CB Gaffaney
,,,,,,,,,,,,,,,,,,,
829781.0,2015,Kolkata,2015-05-04,League,UT Yadav,Eden Gardens,Kolkata Knight Riders,Sunrisers Hyderabad,Sunrisers Hyderabad,field,Kolkata Knight Riders,runs,35.0,168.0,20.0,N,,AK Chaudhary,M Erasmus
829783.0,2015,Mumbai,2015-05-05,League,Harbhajan Singh,Wankhede Stadium,Mumbai Indians,Delhi Daredevils,Delhi Daredevils,bat,Mumbai Indians,wickets,5.0,153.0,20.0,N,,HDPK Dharmasena,CB Gaffaney
829785.0,2015,Bangalore,2015-05-06,League,CH Gayle,M Chinnaswamy Stadium,Royal Challengers Bangalore,Kings XI Punjab,Kings XI Punjab,field,Royal Challengers Bangalore,runs,138.0,227.0,20.0,N,,RK Illingworth,VA Kulkarni
829761.0,2015,Kolkata,2015-05-07,League,PP Chawla,Eden Gardens,Kolkata Knight Riders,Delhi Daredevils,Kolkata Knight Riders,bat,Kolkata Knight Riders,runs,13.0,172.0,20.0,N,,AK Chaudhary,M Erasmus
829787.0,2015,Mumbai,2015-05-07,League,EJG Morgan,Brabourne Stadium,Rajasthan Royals,Sunrisers Hyderabad,Rajasthan Royals,field,Sunrisers Hyderabad,runs,7.0,202.0,20.0,N,,JD Cloete,C Shamshuddin
829789.0,2015,Chennai,2015-05-08,League,HH Pandya,"MA Chidambaram Stadium, Chepauk",Chennai Super Kings,Mumbai Indians,Chennai Super Kings,bat,Mumbai Indians,wickets,6.0,159.0,20.0,N,,CB Gaffaney,CK Nandan
829791.0,2015,Kolkata,2015-05-09,League,AD Russell,Eden Gardens,Kolkata Knight Riders,Kings XI Punjab,Kings XI Punjab,bat,Kolkata Knight Riders,wickets,1.0,184.0,20.0,N,,AK Chaudhary,HDPK Dharmasena
829793.0,2015,Raipur,2015-05-09,League,MC Henriques,Shaheed Veer Narayan Singh International Stadium,Delhi Daredevils,Sunrisers Hyderabad,Sunrisers Hyderabad,bat,,runs,6.0,164.0,20.0,N,,VA Kulkarni,S Ravi
829795.0,2015,Mumbai,2015-05-10,League,AB de Villiers,Wankhede Stadium,Mumbai Indians,Royal Challengers Bangalore,Royal Challengers Bangalore,bat,Royal Challengers Bangalore,runs,39.0,236.0,20.0,N,,JD Cloete,C Shamshuddin
829797.0,2015,Chennai,2015-05-10,League,RA Jadeja,"MA Chidambaram Stadium, Chepauk",Chennai Super Kings,Rajasthan Royals,Chennai Super Kings,bat,Chennai Super Kings,runs,12.0,158.0,20.0,N,,M Erasmus,CK Nandan
829799.0,2015,Hyderabad,2015-05-11,League,DA Warner,"Rajiv Gandhi International Stadium, Uppal",Sunrisers Hyderabad,Kings XI Punjab,Sunrisers Hyderabad,bat,Sunrisers Hyderabad,runs,5.0,186.0,20.0,N,,AK Chaudhary,HDPK Dharmasena
829801.0,2015,Raipur,2015-05-12,League,Z Khan,Shaheed Veer Narayan Singh International Stadium,Delhi Daredevils,Chennai Super Kings,Chennai Super Kings,bat,Delhi Daredevils,wickets,6.0,120.0,20.0,N,,RK Illingworth,VA Kulkarni
,,,,,,,,,,,XYZ Team,,,,,,,,
829805.0,2015,Mumbai,2015-05-14,League,HH Pandya,Wankhede Stadium,Mumbai Indians,Kolkata Knight Riders,Kolkata Knight Riders,field,Mumbai Indians,runs,5.0,172.0,20.0,N,,RK Illingworth,VA Kulkarni
829807.0,2015,Hyderabad,2015-05-15,League,V Kohli,"Rajiv Gandhi International Stadium, Uppal",Sunrisers Hyderabad,Royal Challengers Bangalore,Sunrisers Hyderabad,bat,Royal Challengers Bangalore,wickets,6.0,81.0,6.0,N,D/L,AK Chaudhary,HDPK Dharmasena
829809.0,2015,Chandigarh,2015-05-16,League,P Negi,"Punjab Cricket Association Stadium, Mohali",Kings XI Punjab,Chennai Super Kings,Kings XI Punjab,bat,Chennai Super Kings,wickets,7.0,131.0,20.0,N,,CK Nandan,C Shamshuddin
829811.0,2015,Mumbai,2015-05-16,League,SR Watson,Brabourne Stadium,Rajasthan Royals,Kolkata Knight Riders,Rajasthan Royals,bat,Rajasthan Royals,runs,9.0,200.0,20.0,N,,RM Deshpande,RK Illingworth
829813.0,2015,Bangalore,2015-05-17,League,,M Chinnaswamy Stadium,Royal Challengers Bangalore,Delhi Daredevils,Royal Challengers Bangalore,field,,no result,,188.0,20.0,N,,HDPK Dharmasena,K Srinivasan
829815.0,2015,Hyderabad,2015-05-17,League,MJ McClenaghan,"Rajiv Gandhi International Stadium, Uppal",Sunrisers Hyderabad,Mumbai Indians,Sunrisers Hyderabad,bat,,wickets,9.0,114.0,20.0,N,,CB Gaffaney,K Srinath
829817.0,2015,Mumbai,2015-05-19,Qualifier 1,KA Pollard,Wankhede Stadium,Chennai Super Kings,Mumbai Indians,Mumbai Indians,bat,Mumbai Indians,runs,25.0,188.0,20.0,N,,HDPK Dharmasena,RK Illingworth
829819.0,2015,Pune,2015-05-20,Eliminator,AB de Villiers,Maharashtra Cricket Association Stadium,Royal Challengers Bangalore,Rajasthan Royals,Royal Challengers Bangalore,bat,Royal Challengers Bangalore,runs,71.0,181.0,20.0,N,,AK Chaudhary,C Shamshuddin
829821.0,2015,Ranchi,2015-05-22,Qualifier 2,A Nehra,JSCA International Stadium Complex,Chennai Super Kings,Royal Challengers Bangalore,Chennai Super Kings,field,Chennai Super Kings,wickets,3.0,140.0,20.0,N,,AK Chaudhary,CB Gaffaney
829823.0,2015,Kolkata,2015-05-24,Final,RG Sharma,Eden Gardens,Mumbai Indians,Chennai Super Kings,Chennai Super Kings,field,Mumbai Indians,runs,41.0,203.0,20.0,N,,HDPK Dharmasena,RK Illingworth
980901.0,2016,Mumbai,2016-04-09,League,AM Rahane,Wankhede Stadium,Mumbai Indians,Rising Pune Supergiants,Mumbai Indians,bat,Rising Pune Supergiants,wickets,9.0,122.0,20.0,N,,HDPK Dharmasena,CK Nandan
980903.0,2016,Kolkata,2016-04-10,League,AD Russell,Eden Gardens,Kolkata Knight Riders,Delhi Daredevils,Kolkata Knight Riders,field,,wickets,9.0,99.0,20.0,N,,S Ravi,C Shamshuddin
,,,,,,,,,,,,,,,,,,,
980907.0,2016,Bangalore,2016-04-12,League,AB de Villiers,M Chinnaswamy Stadium,Royal Challengers Bangalore,Sunrisers Hyderabad,Sunrisers Hyderabad,field,Royal Challengers Bangalore,runs,45.0,228.0,20.0,N,,HDPK Dharmasena,VK Sharma
980909.0,2016,Kolkata,2016-04-13,League,RG Sharma,Eden Gardens,Kolkata Knight Riders,Mumbai Indians,Mumbai Indians,field,XYZ Team,wickets,6.0,188.0,20.0,N,,Nitin Menon,S Ravi
980911.0,2016,Rajkot,2016-04-14,League,AJ Finch,Saurashtra Cricket Association Stadium,Gujarat Lions,Rising Pune Supergiants,Rising Pune Supergiants,bat,Gujarat Lions,wickets,7.0,164.0,20.0,N,,VA Kulkarni,CK Nandan
980913.0,2016,Delhi,2016-04-15,League,A Mishra,Feroz Shah Kotla,Delhi Daredevils,Kings XI Punjab,Delhi Daredevils,field,,wickets,8.0,112.0,20.0,N,,S Ravi,C Shamshuddin
980915.0,2016,UnknownCity,2016-04-16,League,G Gambhir,"Rajiv Gandhi International Stadium, Uppal",Sunrisers Hyderabad,Kolkata Knight Riders,Sunrisers Hyderabad,bat,Kolkata Knight Riders,wickets,8.0,143.0,20.0,N,,AK Chaudhary,CK Nandan
980917.0,2016,Mumbai,2016-04-16,League,AJ Finch,Wankhede Stadium,Mumbai Indians,Gujarat Lions,Gujarat Lions,field,Gujarat Lions,wickets,3.0,144.0,20.0,N,,HDPK Dharmasena,VK Sharma
980919.0,2016,Chandigarh,2016-04-17,League,M Vohra,"Punjab Cricket Association IS Bindra Stadium, Mohali",Kings XI Punjab,Rising Pune Supergiants,Rising Pune Supergiants,bat,Kings XI Punjab,wickets,6.0,153.0,20.0,N,,S Ravi,C Shamshuddin
980921.0,2016,Bangalore,2016-04-17,League,Q de Kock,M Chinnaswamy Stadium,Royal Challengers Bangalore,Delhi Daredevils,Delhi Daredevils,field,Delhi Daredevils,wickets,7.0,192.0,20.0,N,,VA Kulkarni,A Nand Kishore
980923.0,2016,Hyderabad,2016-04-18,League,DA Warner,"Rajiv Gandhi International Stadium, Uppal",Sunrisers Hyderabad,Mumbai Indians,Sunrisers Hyderabad,field,Sunrisers Hyderabad,wickets,7.0,143.0,20.0,N,,HDPK Dharmasena,VK Sharma
980925.0,2016,Chandigarh,2016-04-19,League,RV Uthappa,"Punjab Cricket Association IS Bindra Stadium, Mohali",Kings XI Punjab,Kolkata Knight Riders,Kolkata Knight Riders,field,Kolkata Knight Riders,wickets,6.0,139.0,20.0,N,,S Ravi,C Shamshuddin
980927.0,2016,Mumbai,2016-04-20,League,RG Sharma,Wankhede Stadium,Mumbai Indians,Royal Challengers Bangalore,Mumbai Indians,field,Mumbai Indians,wickets,6.0,171.0,20.0,N,,AK Chaudhary,CK Nandan
980929.0,2016,Rajkot,2016-04-21,League,B Kumar,Saurashtra Cricket Association Stadium,Gujarat Lions,Sunrisers Hyderabad,Sunrisers Hyderabad,field,Sunrisers Hyderabad,wickets,10.0,136.0,20.0,N,,K Bharatan,HDPK Dharmasena
980931.0,2016,Pune,2016-04-22,League,AB de Villiers,Maharashtra Cricket Association Stadium,Rising Pune Supergiants,Royal Challengers Bangalore,Rising Pune Supergiants,field,Royal Challengers Bangalore,runs,13.0,186.0,20.0,N,,CB Gaffaney,VK Sharma
,,,,,,,,,,,,,,,,,,,
980935.0,2016,Hyderabad,2016-04-23,League,Mustafizur Rahman,"Rajiv Gandhi International Stadium, Uppal",Sunrisers Hyderabad,Kings XI Punjab,Sunrisers Hyderabad,field,Sunrisers Hyderabad,wickets,5.0,144.0,20.0,N,,AK Chaudhary,CK Nandan
980937.0,2016,Rajkot,2016-04-24,League,V Kohli,Saurashtra Cricket Association Stadium,Gujarat Lions,Royal Challengers Bangalore,Royal Challengers Bangalore,bat,Gujarat Lions,wickets,6.0,181.0,20.0,N,,K Bharatan,BNJ Oxenford
980939.0,2016,Pune,2016-04-24,League,SA Yadav,Maharashtra Cricket Association Stadium,Rising Pune Supergiants,Kolkata Knight Riders,Kolkata Knight Riders,field,Kolkata Knight Riders,wickets,2.0,161.0,20.0,N,,CB Gaffaney,A Nand Kishore
980941.0,2016,Chandigarh,2016-04-25,League,PA Patel,"Punjab Cricket Association IS Bindra Stadium, Mohali",Kings XI Punjab,Mumbai Indians,Kings XI Punjab,field,Mumbai Indians,runs,25.0,190.0,20.0,N,,Nitin Menon,RJ Tucker
980943.0,2016,Hyderabad,2016-04-26,League,AB Dinda,"Rajiv Gandhi International Stadium, Uppal",Sunrisers Hyderabad,Rising Pune Supergiants,Rising Pune Supergiants,field,Rising Pune Supergiants,runs,34.0,61.0,11.0,N,D/L,AY Dandekar,CK Nandan
980945.0,2016,Delhi,2016-04-27,League,CH Morris,Feroz Shah Kotla,Delhi Daredevils,Gujarat Lions,Delhi Daredevils,field,Gujarat Lions,runs,1.0,173.0,20.0,N,,M Erasmus,S Ravi
980947.0,2016,Mumbai,2016-04-28,League,RG Sharma,Wankhede Stadium,Mumbai Indians,Kolkata Knight Riders,Mumbai Indians,field,Mumbai Indians,wickets,6.0,175.0,20.0,N,,Nitin Menon,RJ Tucker
980949.0,2016,Pune,2016-04-29,League,DR Smith,Maharashtra Cricket Association Stadium,Rising Pune Supergiants,Gujarat Lions,Gujarat Lions,field,Gujarat Lions,wickets,3.0,196.0,20.0,N,,CB Gaffaney,BNJ Oxenford
980951.0,2016,Delhi,2016-04-30,League,CR Brathwaite,Feroz Shah Kotla,Delhi Daredevils,Kolkata Knight Riders,Kolkata Knight Riders,field,Delhi Daredevils,runs,27.0,187.0,20.0,N,,KN Ananthapadmanabhan,M Erasmus
,,,,,,,,,,,XYZ Team,,,,,,,,
980955.0,2016,Rajkot,2016-05-01,League,AR Patel,Saurashtra Cricket Association Stadium,Gujarat Lions,Kings XI Punjab,Gujarat Lions,field,Kings XI Punjab,runs,23.0,155.0,20.0,N,,BNJ Oxenford,VK Sharma
980957.0,2016,Pune,2016-05-01,League,RG Sharma,Maharashtra Cricket Association Stadium,Rising Pune Supergiants,Mumbai Indians,Mumbai Indians,field,Mumbai Indians,wickets,8.0,160.0,20.0,N,,AY Dandekar,RJ Tucker
980959.0,2016,Bangalore,2016-05-02,League,AD Russell,M Chinnaswamy Stadium,Royal Challengers Bangalore,Kolkata Knight Riders,Kolkata Knight Riders,field,Kolkata Knight Riders,wickets,5.0,186.0,20.0,N,,M Erasmus,S Ravi
980961.0,2016,Rajkot,2016-05-03,League,RR Pant,Saurashtra Cricket Association Stadium,Gujarat Lions,Delhi Daredevils,Delhi Daredevils,field,Delhi Daredevils,wickets,8.0,150.0,20.0,N,,CB Gaffaney,BNJ Oxenford
980963.0,2016,Kolkata,2016-05-04,League,AD Russell,Eden Gardens,Kolkata Knight Riders,Kings XI Punjab,Kings XI Punjab,field,XYZ Team,runs,7.0,165.0,20.0,N,,AK Chaudhary,HDPK Dharmasena
980965.0,2016,Delhi,2016-05-05,League,AM Rahane,Feroz Shah Kotla,Delhi Daredevils,Rising Pune Supergiants,Rising Pune Supergiants,field,Rising Pune Supergiants,wickets,7.0,163.0,20.0,N,,C Shamshuddin,RJ Tucker
980967.0,2016,Hyderabad,2016-05-06,League,B Kumar,"Rajiv Gandhi International Stadium, Uppal",Sunrisers Hyderabad,Gujarat Lions,Sunrisers Hyderabad,field,Sunrisers Hyderabad,wickets,5.0,127.0,20.0,N,,M Erasmus,S Ravi
980969.0,2016,Bangalore,2016-05-07,League,V Kohli,M Chinnaswamy Stadium,Royal Challengers Bangalore,Rising Pune Supergiants,Royal Challengers Bangalore,field,Royal Challengers Bangalore,wickets,7.0,192.0,20.0,N,,CB Gaffaney,BNJ Oxenford
980971.0,2016,Chandigarh,2016-05-07,League,MP Stoinis,"Punjab Cricket Association IS Bindra Stadium, Mohali",Kings XI Punjab,Delhi Daredevils,Delhi Daredevils,field,Kings XI Punjab,runs,9.0,182.0,20.0,N,,HDPK Dharmasena,CK Nandan
980973.0,2016,Visakhapatnam,2016-05-08,League,A Nehra,Dr. Y.S. Rajasekhara Reddy ACA-VDCA Cricket Stadium,Mumbai Indians,Sunrisers Hyderabad,Mumbai Indians,field,Sunrisers Hyderabad,runs,85.0,178.0,20.0,N,,S Ravi,C Shamshuddin
980975.0,2016,Kolkata,2016-05-08,League,P Kumar,Eden Gardens,Kolkata Knight Riders,Gujarat Lions,Gujarat Lions,field,Gujarat Lions,wickets,5.0,159.0,20.0,N,,M Erasmus,RJ Tucker
980977.0,2016,Chandigarh,2016-05-09,League,SR Watson,"Punjab Cricket Association IS Bindra Stadium, Mohali",Kings XI Punjab,Royal Challengers Bangalore,Kings XI Punjab,field,Royal Challengers Bangalore,runs,1.0,176.0,20.0,N,,AK Chaudhary,HDPK Dharmasena
980979.0,2016,Visakhapatnam,2016-05-10,League,A Zampa,Dr. Y.S. Rajasekhara Reddy ACA-VDCA Cricket Stadium,Rising Pune Supergiants,Sunrisers Hyderabad,Sunrisers Hyderabad,bat,Sunrisers Hyderabad,runs,4.0,138.0,20.0,N,,CB Gaffaney,VK Sharma
980981.0,2016,Bangalore,2016-05-11,League,KH Pandya,M Chinnaswamy Stadium,Royal Challengers Bangalore,Mumbai Indians,Mumbai Indians,field,Mumbai Indians,wickets,6.0,152.0,20.0,N,,AY Dandekar,C Shamshuddin
980983.0,2016,Hyderabad,2016-05-12,League,CH Morris,"Rajiv Gandhi International Stadium, Uppal",Sunrisers Hyderabad,Delhi Daredevils,Delhi Daredevils,field,Delhi Daredevils,wickets,7.0,147.0,20.0,N,,K Bharatan,M Erasmus
980985.0,2016,Visakhapatnam,2016-05-13,League,MP Stoinis,Dr. Y.S. Rajasekhara Reddy ACA-VDCA Cricket Stadium,Mumbai Indians,Kings XI Punjab,Mumbai Indians,bat,Kings XI Punjab,wickets,7.0,125.0,20.0,N,,HDPK Dharmasena,CK Nandan
980987.0,2016,Bangalore,2016-05-14,League,AB de Villiers,M Chinnaswamy Stadium,Royal Challengers Bangalore,Gujarat Lions,Gujarat Lions,field,Royal Challengers Bangalore,runs,144.0,249.0,20.0,N,,AY Dandekar,VK Sharma
,,,,,,,,,,,,,,,,,,,
980991.0,2016,Chandigarh,2016-05-15,League,HM Amla,"Punjab Cricket Association IS Bindra Stadium, Mohali",Kings XI Punjab,Sunrisers Hyderabad,Kings XI Punjab,bat,Sunrisers Hyderabad,wickets,7.0,180.0,20.0,N,,KN Ananthapadmanabhan,M Erasmus
980993.0,2016,Visakhapatnam,2016-05-15,League,KH Pandya,Dr. Y.S. Rajasekhara Reddy ACA-VDCA Cricket Stadium,Mumbai Indians,Delhi Daredevils,Delhi Daredevils,field,Mumbai Indians,runs,80.0,207.0,20.0,N,,Nitin Menon,CK Nandan
980995.0,2016,UnknownCity,2016-05-16,League,V Kohli,Eden Gardens,Kolkata Knight Riders,Royal Challengers Bangalore,Royal Challengers Bangalore,field,Royal Challengers Bangalore,wickets,9.0,184.0,20.0,N,,CB Gaffaney,A Nand Kishore
980997.0,2016,Visakhapatnam,2016-05-17,League,AB Dinda,Dr. Y.S. Rajasekhara Reddy ACA-VDCA Cricket Stadium,Rising Pune Supergiants,Delhi Daredevils,Rising Pune Supergiants,field,Rising Pune Supergiants,runs,19.0,58.0,11.0,N,D/L,Nitin Menon,C Shamshuddin
980999.0,2016,Bangalore,2016-05-18,League,V Kohli,M Chinnaswamy Stadium,Royal Challengers Bangalore,Kings XI Punjab,Kings XI Punjab,field,Royal Challengers Bangalore,runs,82.0,203.0,14.0,N,D/L,KN Ananthapadmanabhan,M Erasmus
,,,,,,,,,,,,,,,,,,,
981003.0,2016,Raipur,2016-05-20,League,KK Nair,Shaheed Veer Narayan Singh International Stadium,Delhi Daredevils,Sunrisers Hyderabad,Delhi Daredevils,field,,wickets,6.0,159.0,20.0,N,,A Nand Kishore,BNJ Oxenford
981005.0,2016,Visakhapatnam,2016-05-21,League,MS Dhoni,Dr. Y.S. Rajasekhara Reddy ACA-VDCA Cricket Stadium,Rising Pune Supergiants,Kings XI Punjab,Kings XI Punjab,bat,Rising Pune Supergiants,wickets,4.0,173.0,20.0,N,,HDPK Dharmasena,Nitin Menon
981007.0,2016,Kanpur,2016-05-21,League,SK Raina,Green Park,Gujarat Lions,Mumbai Indians,Gujarat Lions,field,Gujarat Lions,wickets,6.0,173.0,20.0,N,,AK Chaudhary,CK Nandan
981009.0,2016,Kolkata,2016-05-22,League,YK Pathan,Eden Gardens,Kolkata Knight Riders,Sunrisers Hyderabad,Sunrisers Hyderabad,field,Kolkata Knight Riders,runs,22.0,172.0,20.0,N,,KN Ananthapadmanabhan,M Erasmus
,,,,,,,,,,,,,,,,,,,
981013.0,2016,Bangalore,2016-05-24,Qualifier 1,AB de Villiers,M Chinnaswamy Stadium,Gujarat Lions,Royal Challengers Bangalore,Royal Challengers Bangalore,field,Royal Challengers Bangalore,wickets,4.0,159.0,20.0,N,,AK Chaudhary,HDPK Dharmasena
981015.0,2016,Delhi,2016-05-25,Elimination Final,MC Henriques,Feroz Shah Kotla,Sunrisers Hyderabad,Kolkata Knight Riders,Kolkata Knight Riders,field,XYZ Team,runs,22.0,163.0,20.0,N,,M Erasmus,C Shamshuddin
981017.0,2016,Delhi,2016-05-27,Qualifier 2,DA Warner,Feroz Shah Kotla,Gujarat Lions,Sunrisers Hyderabad,Sunrisers Hyderabad,field,Sunrisers Hyderabad,wickets,4.0,163.0,20.0,N,,M Erasmus,CK Nandan
981019.0,2016,Bangalore,2016-05-29,Final,BCJ Cutting,M Chinnaswamy Stadium,Royal Challengers Bangalore,Sunrisers Hyderabad,Sunrisers Hyderabad,bat,Sunrisers Hyderabad,runs,8.0,209.0,20.0,N,,HDPK Dharmasena,BNJ Oxenford
1082591.0,2017,UnknownCity,2017-04-05,League,Yuvraj Singh,"Rajiv Gandhi International Stadium, Uppal",Sunrisers Hyderabad,Royal Challengers Bangalore,Royal Challengers Bangalore,field,,runs,35.0,208.0,20.0,N,,AY Dandekar,NJ Llong
1082592.0,2017,Pune,2017-04-06,League,SPD Smith,Maharashtra Cricket Association Stadium,Rising Pune Supergiant,Mumbai Indians,Rising Pune Supergiant,field,,wickets,7.0,185.0,20.0,N,,A Nand Kishore,S Ravi
1082593.0,2017,Rajkot,2017-04-07,League,CA Lynn,Saurashtra Cricket Association Stadium,Gujarat Lions,Kolkata Knight Riders,Kolkata Knight Riders,field,Kolkata Knight Riders,wickets,10.0,184.0,20.0,N,,Nitin Menon,CK Nandan
1082594.0,2017,Indore,2017-04-08,League,GJ Maxwell,Holkar Cricket Stadium,Kings XI Punjab,Rising Pune Supergiant,Kings XI Punjab,field,Kings XI Punjab,wickets,6.0,164.0,20.0,N,,AK Chaudhary,C Shamshuddin
,,,,,,,,,,,,,,,,,,,
1082596.0,2017,Hyderabad,2017-04-09,League,Rashid Khan,"Rajiv Gandhi International Stadium, Uppal",Sunrisers Hyderabad,Gujarat Lions,Sunrisers Hyderabad,field,,wickets,9.0,136.0,20.0,N,,A Deshmukh,NJ Llong
1082597.0,2017,Mumbai,2017-04-09,League,N Rana,Wankhede Stadium,Mumbai Indians,Kolkata Knight Riders,Mumbai Indians,field,Mumbai Indians,wickets,4.0,179.0,20.0,N,,Nitin Menon,CK Nandan
1082598.0,2017,Indore,2017-04-10,League,AR Patel,Holkar Cricket Stadium,Kings XI Punjab,Royal Challengers Bangalore,Royal Challengers Bangalore,bat,,wickets,8.0,149.0,20.0,N,,AK Chaudhary,C Shamshuddin
1082599.0,2017,Pune,2017-04-11,League,SV Samson,Maharashtra Cricket Association Stadium,Rising Pune Supergiant,Delhi Daredevils,Rising Pune Supergiant,field,,runs,97.0,206.0,20.0,N,,AY Dandekar,S Ravi
1082600.0,2017,Mumbai,2017-04-12,League,JJ Bumrah,Wankhede Stadium,Mumbai Indians,Sunrisers Hyderabad,Mumbai Indians,field,Mumbai Indians,wickets,4.0,159.0,20.0,N,,Nitin Menon,CK Nandan
1082601.0,2017,Kolkata,2017-04-13,League,SP Narine,Eden Gardens,Kolkata Knight Riders,Kings XI Punjab,Kolkata Knight Riders,field,Kolkata Knight Riders,wickets,8.0,171.0,20.0,N,,A Deshmukh,NJ Llong
1082602.0,2017,Bangalore,2017-04-14,League,KA Pollard,M Chinnaswamy Stadium,Royal Challengers Bangalore,Mumbai Indians,Mumbai Indians,field,Mumbai Indians,wickets,4.0,143.0,20.0,N,,KN Ananthapadmanabhan,AK Chaudhary
1082603.0,2017,Rajkot,2017-04-14,League,AJ Tye,Saurashtra Cricket Association Stadium,Gujarat Lions,Rising Pune Supergiant,Gujarat Lions,field,Gujarat Lions,wickets,7.0,172.0,20.0,N,,A Nand Kishore,S Ravi
1082604.0,2017,Kolkata,2017-04-15,League,RV Uthappa,Eden Gardens,Kolkata Knight Riders,Sunrisers Hyderabad,Sunrisers Hyderabad,field,Kolkata Knight Riders,runs,17.0,173.0,20.0,N,,AY Dandekar,NJ Llong
1082605.0,2017,Delhi,2017-04-15,League,CJ Anderson,Feroz Shah Kotla,Delhi Daredevils,Kings XI Punjab,Delhi Daredevils,bat,Delhi Daredevils,runs,51.0,189.0,20.0,N,,YC Barde,Nitin Menon
1082606.0,2017,Mumbai,2017-04-16,League,N Rana,Wankhede Stadium,Mumbai Indians,Gujarat Lions,Mumbai Indians,field,,wickets,6.0,177.0,20.0,N,,A Nand Kishore,S Ravi
1082607.0,2017,UnknownCity,2017-04-16,League,BA Stokes,M Chinnaswamy Stadium,Royal Challengers Bangalore,Rising Pune Supergiant,Royal Challengers Bangalore,field,Rising Pune Supergiant,runs,27.0,162.0,20.0,N,,KN Ananthapadmanabhan,C Shamshuddin
1082608.0,2017,Delhi,2017-04-17,League,NM Coulter-Nile,Feroz Shah Kotla,Delhi Daredevils,Kolkata Knight Riders,Delhi Daredevils,bat,Kolkata Knight Riders,wickets,4.0,169.0,20.0,N,,Nitin Menon,CK Nandan
1082609.0,2017,Hyderabad,2017-04-17,League,B Kumar,"Rajiv Gandhi International Stadium, Uppal",Sunrisers Hyderabad,Kings XI Punjab,Kings XI Punjab,field,Sunrisers Hyderabad,runs,5.0,160.0,20.0,N,,AY Dandekar,A Deshmukh
1082610.0,2017,Rajkot,2017-04-18,League,CH Gayle,Saurashtra Cricket Association Stadium,Gujarat Lions,Royal Challengers Bangalore,Gujarat Lions,field,Royal Challengers Bangalore,runs,21.0,214.0,20.0,N,,S Ravi,VK Sharma
1082611.0,2017,Hyderabad,2017-04-19,League,KS Williamson,"Rajiv Gandhi International Stadium, Uppal",Sunrisers Hyderabad,Delhi Daredevils,Sunrisers Hyderabad,bat,Sunrisers Hyderabad,runs,15.0,192.0,20.0,N,,CB Gaffaney,NJ Llong
1082612.0,2017,Indore,2017-04-20,League,JC Buttler,Holkar Cricket Stadium,Kings XI Punjab,Mumbai Indians,Mumbai Indians,field,Mumbai Indians,wickets,8.0,199.0,20.0,N,,M Erasmus,C Shamshuddin
,,,,,,,,,,,,,,,,,,,
1082614.0,2017,Mumbai,2017-04-22,League,MJ McClenaghan,Wankhede Stadium,Mumbai Indians,Delhi Daredevils,Delhi Daredevils,field,Mumbai Indians,runs,14.0,143.0,20.0,N,,A Nand Kishore,S Ravi
1082615.0,2017,Pune,2017-04-22,League,MS Dhoni,Maharashtra Cricket Association Stadium,Rising Pune Supergiant,Sunrisers Hyderabad,Rising Pune Supergiant,field,,wickets,6.0,177.0,20.0,N,,AY Dandekar,A Deshmukh
,,,,,,,,,,,,,,,,,,,
1082617.0,2017,Kolkata,2017-04-23,League,NM Coulter-Nile,Eden Gardens,Kolkata Knight Riders,Royal Challengers Bangalore,Royal Challengers Bangalore,field,Kolkata Knight Riders,runs,82.0,132.0,20.0,N,,CB Gaffaney,CK Nandan
1082618.0,2017,Mumbai,2017-04-24,League,BA Stokes,Wankhede Stadium,Mumbai Indians,Rising Pune Supergiant,Mumbai Indians,field,Rising Pune Supergiant,runs,3.0,161.0,20.0,N,,A Nand Kishore,S Ravi
1082620.0,2017,Pune,2017-04-26,League,RV Uthappa,Maharashtra Cricket Association Stadium,Rising Pune Supergiant,Kolkata Knight Riders,Kolkata Knight Riders,field,Kolkata Knight Riders,wickets,7.0,183.0,20.0,N,,AY Dandekar,NJ Llong
1082621.0,2017,Bangalore,2017-04-27,League,AJ Tye,M Chinnaswamy Stadium,Royal Challengers Bangalore,Gujarat Lions,Gujarat Lions,field,Gujarat Lions,wickets,7.0,135.0,20.0,N,,AK Chaudhary,C Shamshuddin
1082622.0,2017,Kolkata,2017-04-28,League,G Gambhir,Eden Gardens,Kolkata Knight Riders,Delhi Daredevils,Kolkata Knight Riders,field,Kolkata Knight Riders,wickets,7.0,161.0,20.0,N,,NJ Llong,S Ravi
1082623.0,2017,Chandigarh,2017-04-28,League,Rashid Khan,"Punjab Cricket Association IS Bindra Stadium, Mohali",Kings XI Punjab,Sunrisers Hyderabad,Kings XI Punjab,field,,runs,26.0,208.0,20.0,N,,Nitin Menon,CK Nandan
1082624.0,2017,Pune,2017-04-29,League,LH Ferguson,Maharashtra Cricket Association Stadium,Rising Pune Supergiant,Royal Challengers Bangalore,Royal Challengers Bangalore,field,Rising Pune Supergiant,runs,61.0,158.0,20.0,N,,KN Ananthapadmanabhan,M Erasmus
1082625.0,2017,Rajkot,2017-04-29,League,KH Pandya,Saurashtra Cricket Association Stadium,Gujarat Lions,Mumbai Indians,Gujarat Lions,bat,Mumbai Indians,tie,,154.0,20.0,Y,,AK Chaudhary,CB Gaffaney
1082626.0,2017,Chandigarh,2017-04-30,League,Sandeep Sharma,"Punjab Cricket Association IS Bindra Stadium, Mohali",Kings XI Punjab,Delhi Daredevils,Kings XI Punjab,field,Kings XI Punjab,wickets,10.0,68.0,20.0,N,,YC Barde,CK Nandan
1082627.0,2017,Hyderabad,2017-04-30,League,DA Warner,"Rajiv Gandhi International Stadium, Uppal",Sunrisers Hyderabad,Kolkata Knight Riders,Kolkata Knight Riders,field,Sunrisers Hyderabad,runs,48.0,210.0,20.0,N,,AY Dandekar,S Ravi
1082628.0,2017,Mumbai,2017-05-01,League,RG Sharma,Wankhede Stadium,Mumbai Indians,Royal Challengers Bangalore,Royal Challengers Bangalore,bat,XYZ Team,wickets,5.0,163.0,20.0,N,,AK Chaudhary,CB Gaffaney
1082629.0,2017,Pune,2017-05-01,League,BA Stokes,Maharashtra Cricket Association Stadium,Rising Pune Supergiant,Gujarat Lions,Rising Pune Supergiant,field,Rising Pune Supergiant,wickets,5.0,162.0,20.0,N,,M Erasmus,C Shamshuddin
1082630.0,2017,Delhi,2017-05-02,League,Mohammed Shami,Feroz Shah Kotla,Delhi Daredevils,Sunrisers Hyderabad,Delhi Daredevils,field,Delhi Daredevils,wickets,6.0,186.0,20.0,N,,YC Barde,Nitin Menon
1082631.0,2017,Kolkata,2017-05-03,League,RA Tripathi,Eden Gardens,Kolkata Knight Riders,Rising Pune Supergiant,Rising Pune Supergiant,field,Rising Pune Supergiant,wickets,4.0,156.0,20.0,N,,KN Ananthapadmanabhan,A Nand Kishore
1082632.0,2017,Delhi,2017-05-04,League,RR Pant,Feroz Shah Kotla,Delhi Daredevils,Gujarat Lions,Delhi Daredevils,field,,wickets,7.0,209.0,20.0,N,,M Erasmus,Nitin Menon
1082633.0,2017,Bangalore,2017-05-05,League,Sandeep Sharma,M Chinnaswamy Stadium,Royal Challengers Bangalore,Kings XI Punjab,Royal Challengers Bangalore,field,Kings XI Punjab,runs,19.0,139.0,20.0,N,,CB Gaffaney,C Shamshuddin
1082634.0,2017,Hyderabad,2017-05-06,League,JD Unadkat,"Rajiv Gandhi International Stadium, Uppal",Sunrisers Hyderabad,Rising Pune Supergiant,Sunrisers Hyderabad,field,Rising Pune Supergiant,runs,12.0,149.0,20.0,N,,KN Ananthapadmanabhan,AK Chaudhary
1082635.0,2017,Delhi,2017-05-06,League,LMP Simmons,Feroz Shah Kotla,Delhi Daredevils,Mumbai Indians,Delhi Daredevils,field,,runs,146.0,213.0,20.0,N,,Nitin Menon,CK Nandan
1082636.0,2017,Bangalore,2017-05-07,League,SP Narine,M Chinnaswamy Stadium,Royal Challengers Bangalore,Kolkata Knight Riders,Kolkata Knight Riders,field,Kolkata Knight Riders,wickets,6.0,159.0,20.0,N,,AY Dandekar,C Shamshuddin
1082637.0,2017,Chandigarh,2017-05-07,League,DR Smith,"Punjab Cricket Association IS Bindra Stadium, Mohali",Kings XI Punjab,Gujarat Lions,Gujarat Lions,field,Gujarat Lions,wickets,6.0,190.0,20.0,N,,A Nand Kishore,VK Sharma
1082638.0,2017,Hyderabad,2017-05-08,League,S Dhawan,"Rajiv Gandhi International Stadium, Uppal",Sunrisers Hyderabad,Mumbai Indians,Mumbai Indians,bat,,wickets,7.0,139.0,20.0,N,,KN Ananthapadmanabhan,M Erasmus
1082639.0,2017,Chandigarh,2017-05-09,League,MM Sharma,"Punjab Cricket Association IS Bindra Stadium, Mohali",Kings XI Punjab,Kolkata Knight Riders,Kolkata Knight Riders,field,Kings XI Punjab,runs,14.0,168.0,20.0,N,,A Nand Kishore,S Ravi
1082640.0,2017,Kanpur,2017-05-10,League,SS Iyer,Green Park,Gujarat Lions,Delhi Daredevils,Delhi Daredevils,field,Delhi Daredevils,wickets,2.0,196.0,20.0,N,,YC Barde,AK Chaudhary
1082641.0,2017,Mumbai,2017-05-11,League,WP Saha,Wankhede Stadium,Mumbai Indians,Kings XI Punjab,Mumbai Indians,field,Kings XI Punjab,runs,7.0,231.0,20.0,N,,A Deshmukh,A Nand Kishore
1082642.0,2017,Delhi,2017-05-12,League,KK Nair,Feroz Shah Kotla,Delhi Daredevils,Rising Pune Supergiant,Delhi Daredevils,bat,Delhi Daredevils,runs,7.0,169.0,20.0,N,,KN Ananthapadmanabhan,CK Nandan
1082643.0,2017,Kanpur,2017-05-13,League,Mohammed Siraj,Green Park,Gujarat Lions,Sunrisers Hyderabad,Sunrisers Hyderabad,field,Sunrisers Hyderabad,wickets,8.0,155.0,20.0,N,,AK Chaudhary,Nitin Menon
1082644.0,2017,Kolkata,2017-05-13,League,AT Rayudu,Eden Gardens,Kolkata Knight Riders,Mumbai Indians,Kolkata Knight Riders,field,Mumbai Indians,runs,9.0,174.0,20.0,N,,A Nand Kishore,S Ravi
,,,,,,,,,,,,,,,,,,,
1082646.0,2017,Delhi,2017-05-14,League,HV Patel,Feroz Shah Kotla,Delhi Daredevils,Royal Challengers Bangalore,Royal Challengers Bangalore,bat,Royal Challengers Bangalore,runs,10.0,162.0,20.0,N,,CK Nandan,C Shamshuddin
1082647.0,2017,Mumbai,2017-05-16,Qualifier 1,Washington Sundar,Wankhede Stadium,Mumbai Indians,Rising Pune Supergiant,Mumbai Indians,field,Rising Pune Supergiant,runs,20.0,163.0,20.0,N,,S Ravi,C Shamshuddin
1082648.0,2017,Bangalore,2017-05-17,Eliminator,NM Coulter-Nile,M Chinnaswamy Stadium,Sunrisers Hyderabad,Kolkata Knight Riders,Kolkata Knight Riders,field,Kolkata Knight Riders,wickets,7.0,48.0,6.0,N,D/L,AK Chaudhary,Nitin Menon
1082649.0,2017,Bangalore,2017-05-19,Qualifier 2,KV Sharma,M Chinnaswamy Stadium,Mumbai Indians,Kolkata Knight Riders,Mumbai Indians,field,Mumbai Indians,wickets,6.0,108.0,20.0,N,,NJ Llong,Nitin Menon
1082650.0,2017,Hyderabad,2017-05-21,Final,KH Pandya,"Rajiv Gandhi International Stadium, Uppal",Mumbai Indians,Rising Pune Supergiant,Mumbai Indians,bat,Mumbai Indians,runs,1.0,130.0,20.0,N,,NJ Llong,S Ravi
1136561.0,2018,Mumbai,2018-04-07,League,DJ Bravo,Wankhede Stadium,Mumbai Indians,Chennai Super Kings,Chennai Super Kings,field,Chennai Super Kings,wickets,1.0,166.0,20.0,N,,CB Gaffaney,A Nand Kishore
1136562.0,2018,Chandigarh,2018-04-08,League,KL Rahul,Punjab Cricket Association IS Bindra Stadium,Delhi Daredevils,Kings XI Punjab,Kings XI Punjab,field,Kings XI Punjab,wickets,6.0,167.0,20.0,N,,KN Ananthapadmanabhan,RJ Tucker
1136563.0,2018,Kolkata,2018-04-08,League,SP Narine,Eden Gardens,Royal Challengers Bangalore,Kolkata Knight Riders,Kolkata Knight Riders,field,Kolkata Knight Riders,wickets,4.0,177.0,20.0,N,,A Deshmukh,C Shamshuddin
1136564.0,2018,Hyderabad,2018-04-09,League,S Dhawan,Rajiv Gandhi International Stadium,Rajasthan Royals,Sunrisers Hyderabad,Sunrisers Hyderabad,field,XYZ Team,wickets,9.0,126.0,20.0,N,,NJ Llong,VA Kulkarni
1136565.0,2018,Chennai,2018-04-10,League,SW Billings,MA Chidambaram Stadium,Kolkata Knight Riders,Chennai Super Kings,Chennai Super Kings,field,Chennai Super Kings,wickets,5.0,203.0,20.0,N,,AK Chaudhary,CB Gaffaney
1136566.0,2018,Jaipur,2018-04-11,League,SV Samson,Sawai Mansingh Stadium,Rajasthan Royals,Delhi Daredevils,Delhi Daredevils,field,Rajasthan Royals,runs,10.0,71.0,6.0,N,D/L,KN Ananthapadmanabhan,Nitin Menon
1136567.0,2018,Hyderabad,2018-04-12,League,Rashid Khan,Rajiv Gandhi International Stadium,Mumbai Indians,Sunrisers Hyderabad,Sunrisers Hyderabad,field,Sunrisers Hyderabad,wickets,1.0,148.0,20.0,N,,CK Nandan,NJ Llong
1136568.0,2018,Bengaluru,2018-04-13,League,UT Yadav,M.Chinnaswamy Stadium,Kings XI Punjab,Royal Challengers Bangalore,Royal Challengers Bangalore,field,Royal Challengers Bangalore,wickets,4.0,156.0,20.0,N,,A Deshmukh,S Ravi
1136569.0,2018,Mumbai,2018-04-14,League,JJ Roy,Wankhede Stadium,Mumbai Indians,Delhi Daredevils,Delhi Daredevils,field,Delhi Daredevils,wickets,7.0,195.0,20.0,N,,KN Ananthapadmanabhan,Nitin Menon
1136570.0,2018,Kolkata,2018-04-14,League,B Stanlake,Eden Gardens,Kolkata Knight Riders,Sunrisers Hyderabad,Sunrisers Hyderabad,field,Sunrisers Hyderabad,wickets,5.0,139.0,20.0,N,,AK Chaudhary,A Nand Kishore
1136571.0,2018,Bengaluru,2018-04-15,League,SV Samson,M.Chinnaswamy Stadium,Rajasthan Royals,Royal Challengers Bangalore,Royal Challengers Bangalore,field,,runs,19.0,218.0,20.0,N,,C Shamshuddin,S Ravi
1136572.0,2018,Chandigarh,2018-04-15,League,CH Gayle,Punjab Cricket Association IS Bindra Stadium,Kings XI Punjab,Chennai Super Kings,Chennai Super Kings,field,Kings XI Punjab,runs,4.0,198.0,20.0,N,,CK Nandan,VA Kulkarni
1136573.0,2018,Kolkata,2018-04-16,League,N Rana,Eden Gardens,Kolkata Knight Riders,Delhi Daredevils,Delhi Daredevils,field,Kolkata Knight Riders,runs,71.0,201.0,20.0,N,,AK Chaudhary,A Nand Kishore
1136574.0,2018,Mumbai,2018-04-17,League,RG Sharma,Wankhede Stadium,Mumbai Indians,Royal Challengers Bangalore,Royal Challengers Bangalore,field,Mumbai Indians,runs,46.0,214.0,20.0,N,,Nitin Menon,RJ Tucker
1136575.0,2018,Jaipur,2018-04-18,League,N Rana,Sawai Mansingh Stadium,Rajasthan Royals,Kolkata Knight Riders,Kolkata Knight Riders,field,Kolkata Knight Riders,wickets,7.0,161.0,20.0,N,,A Deshmukh,S Ravi
1136576.0,2018,Chandigarh,2018-04-19,League,CH Gayle,Punjab Cricket Association IS Bindra Stadium,Kings XI Punjab,Sunrisers Hyderabad,Kings XI Punjab,bat,Kings XI Punjab,runs,15.0,194.0,20.0,N,,AK Chaudhary,NJ Llong
1136577.0,2018,Pune,2018-04-20,League,SR Watson,Maharashtra Cricket Association Stadium,Chennai Super Kings,Rajasthan Royals,Rajasthan Royals,field,Chennai Super Kings,runs,64.0,205.0,20.0,N,,KN Ananthapadmanabhan,Nitin Menon
1136578.0,2018,Kolkata,2018-04-21,League,KL Rahul,Eden Gardens,Kolkata Knight Riders,Kings XI Punjab,Kings XI Punjab,field,Kings XI Punjab,wickets,9.0,125.0,13.0,N,D/L,A Deshmukh,C Shamshuddin
1136579.0,2018,Bengaluru,2018-04-21,League,AB de Villiers,M.Chinnaswamy Stadium,Delhi Daredevils,Royal Challengers Bangalore,Royal Challengers Bangalore,field,Royal Challengers Bangalore,wickets,6.0,175.0,20.0,N,,CB Gaffaney,CK Nandan
1136580.0,2018,Hyderabad,2018-04-22,League,AT Rayudu,Rajiv Gandhi International Stadium,Chennai Super Kings,Sunrisers Hyderabad,Sunrisers Hyderabad,field,Chennai Super Kings,runs,4.0,183.0,20.0,N,,AK Chaudhary,VA Kulkarni
1136581.0,2018,Jaipur,2018-04-22,League,JC Archer,Sawai Mansingh Stadium,Mumbai Indians,Rajasthan Royals,Mumbai Indians,bat,Rajasthan Royals,wickets,3.0,168.0,20.0,N,,KN Ananthapadmanabhan,RJ Tucker
1136582.0,2018,Delhi,2018-04-23,League,AS Rajpoot,Arun Jaitley Stadium,Kings XI Punjab,Delhi Daredevils,Delhi Daredevils,field,Kings XI Punjab,runs,4.0,144.0,20.0,N,,A Nand Kishore,CK Nandan
1136583.0,2018,Mumbai,2018-04-24,League,Rashid Khan,Wankhede Stadium,Sunrisers Hyderabad,Mumbai Indians,Mumbai Indians,field,Sunrisers Hyderabad,runs,31.0,119.0,20.0,N,,C Shamshuddin,S Ravi
1136584.0,2018,Bengaluru,2018-04-25,League,MS Dhoni,M.Chinnaswamy Stadium,Royal Challengers Bangalore,Chennai Super Kings,Chennai Super Kings,field,Chennai Super Kings,wickets,5.0,206.0,20.0,N,,NJ Llong,VK Sharma
1136585.0,2018,Hyderabad,2018-04-26,League,AS Rajpoot,Rajiv Gandhi International Stadium,Sunrisers Hyderabad,Kings XI Punjab,Kings XI Punjab,field,Sunrisers Hyderabad,runs,13.0,133.0,20.0,N,,CK Nandan,YC Barde
1136586.0,2018,Delhi,2018-04-27,League,SS Iyer,Arun Jaitley Stadium,Delhi Daredevils,Kolkata Knight Riders,Kolkata Knight Riders,field,Delhi Daredevils,runs,55.0,220.0,20.0,N,,C Shamshuddin,S Ravi
1136587.0,2018,Pune,2018-04-28,League,RG Sharma,Maharashtra Cricket Association Stadium,Chennai Super Kings,Mumbai Indians,Mumbai Indians,field,Mumbai Indians,wickets,8.0,170.0,20.0,N,,CB Gaffaney,Nitin Menon
1136588.0,2018,Jaipur,2018-04-29,League,KS Williamson,Sawai Mansingh Stadium,Sunrisers Hyderabad,Rajasthan Royals,Sunrisers Hyderabad,bat,Sunrisers Hyderabad,runs,11.0,152.0,20.0,N,,BNJ Oxenford,A Nand Kishore
1136589.0,2018,Bengaluru,2018-04-29,League,CA Lynn,M.Chinnaswamy Stadium,Royal Challengers Bangalore,Kolkata Knight Riders,Kolkata Knight Riders,field,Kolkata Knight Riders,wickets,6.0,176.0,20.0,N,,AK Chaudhary,NJ Llong
1136590.0,2018,Pune,2018-04-30,League,SR Watson,Maharashtra Cricket Association Stadium,Chennai Super Kings,Delhi Daredevils,Delhi Daredevils,field,Chennai Super Kings,runs,13.0,212.0,20.0,N,,AY Dandekar,C Shamshuddin
,,,,,,,,,,,,,,,,,,,
1136592.0,2018,Delhi,2018-05-02,League,RR Pant,Arun Jaitley Stadium,Delhi Daredevils,Rajasthan Royals,Rajasthan Royals,field,XYZ Team,runs,4.0,151.0,12.0,N,D/L,CK Nandan,VK Sharma
1136593.0,2018,Kolkata,2018-05-03,League,SP Narine,Eden Gardens,Chennai Super Kings,Kolkata Knight Riders,Kolkata Knight Riders,field,Kolkata Knight Riders,wickets,6.0,178.0,20.0,N,,A Deshmukh,HDPK Dharmasena
1136594.0,2018,Indore,2018-05-04,League,SA Yadav,Holkar Cricket Stadium,Kings XI Punjab,Mumbai Indians,Mumbai Indians,field,Mumbai Indians,wickets,6.0,175.0,20.0,N,,AY Dandekar,S Ravi
1136595.0,2018,Pune,2018-05-05,League,RA Jadeja,Maharashtra Cricket Association Stadium,Royal Challengers Bangalore,Chennai Super Kings,Chennai Super Kings,field,Chennai Super Kings,wickets,6.0,128.0,20.0,N,,Nitin Menon,YC Barde
1136596.0,2018,Hyderabad,2018-05-05,League,Rashid Khan,Rajiv Gandhi International Stadium,Delhi Daredevils,Sunrisers Hyderabad,Delhi Daredevils,bat,Sunrisers Hyderabad,wickets,7.0,164.0,20.0,N,,BNJ Oxenford,CK Nandan
1136597.0,2018,UnknownCity,2018-05-06,League,HH Pandya,Wankhede Stadium,Mumbai Indians,Kolkata Knight Riders,Kolkata Knight Riders,field,Mumbai Indians,runs,13.0,182.0,20.0,N,,A Deshmukh,HDPK Dharmasena
1136598.0,2018,Indore,2018-05-06,League,Mujeeb Ur Rahman,Holkar Cricket Stadium,Rajasthan Royals,Kings XI Punjab,Kings XI Punjab,field,Kings XI Punjab,wickets,6.0,153.0,20.0,N,,C Shamshuddin,S Ravi
1136599.0,2018,Hyderabad,2018-05-07,League,KS Williamson,Rajiv Gandhi International Stadium,Sunrisers Hyderabad,Royal Challengers Bangalore,Royal Challengers Bangalore,field,Sunrisers Hyderabad,runs,5.0,147.0,20.0,N,,BNJ Oxenford,VK Sharma
,,,,,,,,,,,,,,,,,,,
1136601.0,2018,Kolkata,2018-05-09,League,Ishan Kishan,Eden Gardens,Mumbai Indians,Kolkata Knight Riders,Kolkata Knight Riders,field,Mumbai Indians,runs,102.0,211.0,20.0,N,,KN Ananthapadmanabhan,AK Chaudhary
1136602.0,2018,Delhi,2018-05-10,League,S Dhawan,Arun Jaitley Stadium,Delhi Daredevils,Sunrisers Hyderabad,Delhi Daredevils,bat,,wickets,9.0,188.0,20.0,N,,AY Dandekar,C Shamshuddin
1136603.0,2018,Jaipur,2018-05-11,League,JC Buttler,Sawai Mansingh Stadium,Chennai Super Kings,Rajasthan Royals,Chennai Super Kings,bat,Rajasthan Royals,wickets,4.0,177.0,20.0,N,,M Erasmus,YC Barde
1136604.0,2018,Indore,2018-05-12,League,SP Narine,Holkar Cricket Stadium,Kolkata Knight Riders,Kings XI Punjab,Kings XI Punjab,field,Kolkata Knight Riders,runs,31.0,246.0,20.0,N,,CK Nandan,VK Sharma
1136605.0,2018,Delhi,2018-05-12,League,AB de Villiers,Arun Jaitley Stadium,Delhi Daredevils,Royal Challengers Bangalore,Royal Challengers Bangalore,field,Royal Challengers Bangalore,wickets,5.0,182.0,20.0,N,,KN Ananthapadmanabhan,HDPK Dharmasena
1136606.0,2018,Pune,2018-05-13,League,AT Rayudu,Maharashtra Cricket Association Stadium,Sunrisers Hyderabad,Chennai Super Kings,Chennai Super Kings,field,Chennai Super Kings,wickets,8.0,180.0,20.0,N,,M Erasmus,YC Barde
1136607.0,2018,Mumbai,2018-05-13,League,JC Buttler,Wankhede Stadium,Mumbai Indians,Rajasthan Royals,Rajasthan Royals,field,Rajasthan Royals,wickets,7.0,169.0,20.0,N,,Nitin Menon,S Ravi
1136608.0,2018,Indore,2018-05-14,League,UT Yadav,Holkar Cricket Stadium,Kings XI Punjab,Royal Challengers Bangalore,Royal Challengers Bangalore,field,Royal Challengers Bangalore,wickets,10.0,89.0,20.0,N,,BNJ Oxenford,VK Sharma
1136609.0,2018,Kolkata,2018-05-15,League,Kuldeep Yadav,Eden Gardens,Rajasthan Royals,Kolkata Knight Riders,Kolkata Knight Riders,field,Kolkata Knight Riders,wickets,6.0,143.0,20.0,N,,AK Chaudhary,HDPK Dharmasena
1136610.0,2018,Mumbai,2018-05-16,League,JJ Bumrah,Wankhede Stadium,Mumbai Indians,Kings XI Punjab,Kings XI Punjab,field,Mumbai Indians,runs,3.0,187.0,20.0,N,,M Erasmus,Nitin Menon
1136611.0,2018,Bengaluru,2018-05-17,League,AB de Villiers,M.Chinnaswamy Stadium,Royal Challengers Bangalore,Sunrisers Hyderabad,Sunrisers Hyderabad,field,Royal Challengers Bangalore,runs,14.0,219.0,20.0,N,,AY Dandekar,S Ravi
1136612.0,2018,Delhi,2018-05-18,League,HV Patel,Arun Jaitley Stadium,Delhi Daredevils,Chennai Super Kings,Chennai Super Kings,field,XYZ Team,runs,34.0,163.0,20.0,N,,HDPK Dharmasena,VA Kulkarni
1136613.0,2018,Jaipur,2018-05-19,League,S Gopal,Sawai Mansingh Stadium,Rajasthan Royals,Royal Challengers Bangalore,Rajasthan Royals,bat,Rajasthan Royals,runs,30.0,165.0,20.0,N,,BNJ Oxenford,VK Sharma
1136614.0,2018,Hyderabad,2018-05-19,League,CA Lynn,Rajiv Gandhi International Stadium,Sunrisers Hyderabad,Kolkata Knight Riders,Sunrisers Hyderabad,bat,Kolkata Knight Riders,wickets,5.0,173.0,20.0,N,,AK Chaudhary,S Ravi
1136615.0,2018,Delhi,2018-05-20,League,A Mishra,Arun Jaitley Stadium,Delhi Daredevils,Mumbai Indians,Delhi Daredevils,bat,Delhi Daredevils,runs,11.0,175.0,20.0,N,,HDPK Dharmasena,CK Nandan
1136616.0,2018,Pune,2018-05-20,League,L Ngidi,Maharashtra Cricket Association Stadium,Kings XI Punjab,Chennai Super Kings,Chennai Super Kings,field,Chennai Super Kings,wickets,5.0,154.0,20.0,N,,Nitin Menon,YC Barde
1136617.0,2018,Mumbai,2018-05-22,Qualifier 1,F du Plessis,Wankhede Stadium,Sunrisers Hyderabad,Chennai Super Kings,Chennai Super Kings,field,Chennai Super Kings,wickets,2.0,140.0,20.0,N,,C Shamshuddin,M Erasmus
1136618.0,2018,Kolkata,2018-05-23,Eliminator,AD Russell,Eden Gardens,Kolkata Knight Riders,Rajasthan Royals,Rajasthan Royals,field,Kolkata Knight Riders,runs,25.0,170.0,20.0,N,,AK Chaudhary,Nitin Menon
1136619.0,2018,Kolkata,2018-05-25,Qualifier 2,Rashid Khan,Eden Gardens,Sunrisers Hyderabad,Kolkata Knight Riders,Kolkata Knight Riders,field,Sunrisers Hyderabad,runs,14.0,175.0,20.0,N,,HDPK Dharmasena,Nitin Menon
1136620.0,2018,Mumbai,2018-05-27,Final,SR Watson,Wankhede Stadium,Sunrisers Hyderabad,Chennai Super Kings,Chennai Super Kings,field,Chennai Super Kings,wickets,8.0,179.0,20.0,N,,M Erasmus,S Ravi
,,,,,,,,,,,,,,,,,,,
1175357.0,2019,Kolkata,2019-03-24,League,AD Russell,Eden Gardens,Sunrisers Hyderabad,Kolkata Knight Riders,Kolkata Knight Riders,field,Kolkata Knight Riders,wickets,6.0,182.0,20.0,N,,AK Chaudhary,CB Gaffaney
1175358.0,2019,Mumbai,2019-03-24,League,RR Pant,Wankhede Stadium,Delhi Capitals,Mumbai Indians,Mumbai Indians,field,Delhi Capitals,runs,37.0,214.0,20.0,N,,S Ravi,YC Barde
1175359.0,2019,Jaipur,2019-03-25,League,CH Gayle,Sawai Mansingh Stadium,Kings XI Punjab,Rajasthan Royals,Rajasthan Royals,field,Kings XI Punjab,runs,14.0,185.0,20.0,N,,C Shamshuddin,KN Ananthapadmanabhan
1175360.0,2019,Delhi,2019-03-26,League,SR Watson,Arun Jaitley Stadium,Delhi Capitals,Chennai Super Kings,Delhi Capitals,bat,Chennai Super Kings,wickets,6.0,148.0,20.0,N,,M Erasmus,Nitin Menon
1175361.0,2019,Kolkata,2019-03-27,League,AD Russell,Eden Gardens,Kolkata Knight Riders,Kings XI Punjab,Kings XI Punjab,field,Kolkata Knight Riders,runs,28.0,219.0,20.0,N,,AK Chaudhary,VA Kulkarni
1175362.0,2019,Bengaluru,2019-03-28,League,JJ Bumrah,M.Chinnaswamy Stadium,Mumbai Indians,Royal Challengers Bangalore,Royal Challengers Bangalore,field,Mumbai Indians,runs,6.0,188.0,20.0,N,,CK Nandan,S Ravi
1175363.0,2019,Hyderabad,2019-03-29,League,Rashid Khan,Rajiv Gandhi International Stadium,Rajasthan Royals,Sunrisers Hyderabad,Rajasthan Royals,bat,Sunrisers Hyderabad,wickets,5.0,199.0,20.0,N,,BNJ Oxenford,C Shamshuddin
1175364.0,2019,Chandigarh,2019-03-30,League,MA Agarwal,Punjab Cricket Association IS Bindra Stadium,Mumbai Indians,Kings XI Punjab,Kings XI Punjab,field,,wickets,8.0,177.0,20.0,N,,CB Gaffaney,VA Kulkarni
1175365.0,2019,Delhi,2019-03-30,League,PP Shaw,Arun Jaitley Stadium,Kolkata Knight Riders,Delhi Capitals,Delhi Capitals,field,Delhi Capitals,tie,,186.0,20.0,Y,,AY Dandekar,Nitin Menon
1175366.0,2019,Hyderabad,2019-03-31,League,JM Bairstow,Rajiv Gandhi International Stadium,Sunrisers Hyderabad,Royal Challengers Bangalore,Royal Challengers Bangalore,field,Sunrisers Hyderabad,runs,118.0,232.0,20.0,N,,KN Ananthapadmanabhan,S Ravi
1175367.0,2019,Chennai,2019-03-31,League,MS Dhoni,MA Chidambaram Stadium,Chennai Super Kings,Rajasthan Royals,Rajasthan Royals,field,Chennai Super Kings,runs,8.0,176.0,20.0,N,,CK Nandan,YC Barde
1175368.0,2019,Chandigarh,2019-04-01,League,SM Curran,Punjab Cricket Association IS Bindra Stadium,Kings XI Punjab,Delhi Capitals,Delhi Capitals,field,Kings XI Punjab,runs,14.0,167.0,20.0,N,,AK Chaudhary,CB Gaffaney
1175369.0,2019,Jaipur,2019-04-02,League,S Gopal,Sawai Mansingh Stadium,Royal Challengers Bangalore,Rajasthan Royals,Rajasthan Royals,field,Rajasthan Royals,wickets,7.0,159.0,20.0,N,,AY Dandekar,M Erasmus
1175370.0,2019,Mumbai,2019-04-03,League,HH Pandya,Wankhede Stadium,Mumbai Indians,Chennai Super Kings,Chennai Super Kings,field,Mumbai Indians,runs,37.0,171.0,20.0,N,,BNJ Oxenford,RJ Tucker
1175371.0,2019,Delhi,2019-04-04,League,JM Bairstow,Arun Jaitley Stadium,Delhi Capitals,Sunrisers Hyderabad,Sunrisers Hyderabad,field,Sunrisers Hyderabad,wickets,5.0,130.0,20.0,N,,C Shamshuddin,KN Ananthapadmanabhan
1175372.0,2019,Bengaluru,2019-04-05,League,AD Russell,M.Chinnaswamy Stadium,Royal Challengers Bangalore,Kolkata Knight Riders,Kolkata Knight Riders,field,Kolkata Knight Riders,wickets,5.0,206.0,20.0,N,,AK Chaudhary,CB Gaffaney
1178393.0,2019,Chennai,2019-04-06,League,Harbhajan Singh,MA Chidambaram Stadium,Chennai Super Kings,Kings XI Punjab,Chennai Super Kings,bat,Chennai Super Kings,runs,22.0,161.0,20.0,N,,KN Ananthapadmanabhan,RJ Tucker
1178394.0,2019,Hyderabad,2019-04-06,League,AS Joseph,Rajiv Gandhi International Stadium,Mumbai Indians,Sunrisers Hyderabad,Sunrisers Hyderabad,field,Mumbai Indians,runs,40.0,137.0,20.0,N,,AY Dandekar,Nitin Menon
,,,,,,,,,,,,,,,,,,,
1178396.0,2019,Jaipur,2019-04-07,League,HF Gurney,Sawai Mansingh Stadium,Rajasthan Royals,Kolkata Knight Riders,Kolkata Knight Riders,field,Kolkata Knight Riders,wickets,8.0,140.0,20.0,N,,AK Chaudhary,CB Gaffaney
1178397.0,2019,Chandigarh,2019-04-08,League,KL Rahul,Punjab Cricket Association IS Bindra Stadium,Sunrisers Hyderabad,Kings XI Punjab,Kings XI Punjab,field,Kings XI Punjab,wickets,6.0,151.0,20.0,N,,AY Dandekar,M Erasmus
,,,,,,,,,,,,,,,,,,,
1178399.0,2019,Mumbai,2019-04-10,League,KA Pollard,Wankhede Stadium,Kings XI Punjab,Mumbai Indians,Mumbai Indians,field,Mumbai Indians,wickets,3.0,198.0,20.0,N,,S Ravi,YC Barde
1178400.0,2019,Jaipur,2019-04-11,League,MS Dhoni,Sawai Mansingh Stadium,Rajasthan Royals,Chennai Super Kings,Chennai Super Kings,field,Chennai Super Kings,wickets,4.0,152.0,20.0,N,,BNJ Oxenford,UV Gandhe
1178401.0,2019,Kolkata,2019-04-12,League,S Dhawan,Eden Gardens,Kolkata Knight Riders,Delhi Capitals,Delhi Capitals,field,Delhi Capitals,wickets,7.0,179.0,20.0,N,,CK Nandan,YC Barde
1178402.0,2019,Mumbai,2019-04-13,League,JC Buttler,Wankhede Stadium,Mumbai Indians,Rajasthan Royals,Rajasthan Royals,field,XYZ Team,wickets,4.0,188.0,20.0,N,,A Nand Kishore,Nitin Menon
1178403.0,2019,Chandigarh,2019-04-13,League,AB de Villiers,Punjab Cricket Association IS Bindra Stadium,Kings XI Punjab,Royal Challengers Bangalore,Royal Challengers Bangalore,field,Royal Challengers Bangalore,wickets,8.0,174.0,20.0,N,,S Ravi,UV Gandhe
1178404.0,2019,Kolkata,2019-04-14,League,Imran Tahir,Eden Gardens,Kolkata Knight Riders,Chennai Super Kings,Chennai Super Kings,field,,wickets,5.0,162.0,20.0,N,,CK Nandan,RJ Tucker
1178405.0,2019,Hyderabad,2019-04-14,League,KMA Paul,Rajiv Gandhi International Stadium,Delhi Capitals,Sunrisers Hyderabad,Sunrisers Hyderabad,field,Delhi Capitals,runs,39.0,156.0,20.0,N,,AK Chaudhary,BNJ Oxenford
1178406.0,2019,Mumbai,2019-04-15,League,SL Malinga,Wankhede Stadium,Royal Challengers Bangalore,Mumbai Indians,Mumbai Indians,field,Mumbai Indians,wickets,5.0,172.0,20.0,N,,M Erasmus,Nitin Menon
1178407.0,2019,Chandigarh,2019-04-16,League,R Ashwin,Punjab Cricket Association IS Bindra Stadium,Kings XI Punjab,Rajasthan Royals,Rajasthan Royals,field,Kings XI Punjab,runs,12.0,183.0,20.0,N,,AK Chaudhary,VA Kulkarni
1178408.0,2019,Hyderabad,2019-04-17,League,DA Warner,Rajiv Gandhi International Stadium,Chennai Super Kings,Sunrisers Hyderabad,Chennai Super Kings,bat,Sunrisers Hyderabad,wickets,6.0,133.0,20.0,N,,IJ Gould,UV Gandhe
1178409.0,2019,Delhi,2019-04-18,League,HH Pandya,Arun Jaitley Stadium,Mumbai Indians,Delhi Capitals,Mumbai Indians,bat,Mumbai Indians,runs,40.0,169.0,20.0,N,,BNJ Oxenford,NJ Llong
1178410.0,2019,Kolkata,2019-04-19,League,V Kohli,Eden Gardens,Royal Challengers Bangalore,Kolkata Knight Riders,Kolkata Knight Riders,field,Royal Challengers Bangalore,runs,10.0,214.0,20.0,N,,IJ Gould,Nitin Menon
1178411.0,2019,Jaipur,2019-04-20,League,SPD Smith,Sawai Mansingh Stadium,Mumbai Indians,Rajasthan Royals,Rajasthan Royals,field,Rajasthan Royals,wickets,5.0,162.0,20.0,N,,S Ravi,YC Barde
1178412.0,2019,Delhi,2019-04-20,League,SS Iyer,Arun Jaitley Stadium,Kings XI Punjab,Delhi Capitals,Delhi Capitals,field,,wickets,5.0,164.0,20.0,N,,C Shamshuddin,UV Gandhe
1178413.0,2019,Hyderabad,2019-04-21,League,KK Ahmed,Rajiv Gandhi International Stadium,Kolkata Knight Riders,Sunrisers Hyderabad,Sunrisers Hyderabad,field,Sunrisers Hyderabad,wickets,9.0,160.0,20.0,N,,NJ Llong,Nitin Menon
1178414.0,2019,Bengaluru,2019-04-21,League,PA Patel,M.Chinnaswamy Stadium,Royal Challengers Bangalore,Chennai Super Kings,Chennai Super Kings,field,Royal Challengers Bangalore,runs,1.0,162.0,20.0,N,,RJ Tucker,VA Kulkarni
1178415.0,2019,Jaipur,2019-04-22,League,RR Pant,Sawai Mansingh Stadium,Rajasthan Royals,Delhi Capitals,Delhi Capitals,field,Delhi Capitals,wickets,6.0,192.0,20.0,N,,A Nand Kishore,S Ravi
1178416.0,2019,Chennai,2019-04-23,League,SR Watson,MA Chidambaram Stadium,Sunrisers Hyderabad,Chennai Super Kings,Chennai Super Kings,field,Chennai Super Kings,wickets,6.0,176.0,20.0,N,,AK Chaudhary,NJ Llong
1178417.0,2019,Bengaluru,2019-04-24,League,AB de Villiers,M.Chinnaswamy Stadium,Royal Challengers Bangalore,Kings XI Punjab,Kings XI Punjab,field,,runs,17.0,203.0,20.0,N,,BNJ Oxenford,C Shamshuddin
1178418.0,2019,Kolkata,2019-04-25,League,VR Aaron,Eden Gardens,Kolkata Knight Riders,Rajasthan Royals,Rajasthan Royals,field,Rajasthan Royals,wickets,3.0,176.0,20.0,N,,AY Dandekar,IJ Gould
1178419.0,2019,Chennai,2019-04-26,League,RG Sharma,MA Chidambaram Stadium,Mumbai Indians,Chennai Super Kings,Chennai Super Kings,field,Mumbai Indians,runs,46.0,156.0,20.0,N,,AK Chaudhary,NJ Llong
1178420.0,2019,Jaipur,2019-04-27,League,JD Unadkat,Sawai Mansingh Stadium,Sunrisers Hyderabad,Rajasthan Royals,Rajasthan Royals,field,Rajasthan Royals,wickets,7.0,161.0,20.0,N,,A Nand Kishore,YC Barde
1178421.0,2019,Delhi,2019-04-28,League,S Dhawan,Arun Jaitley Stadium,Delhi Capitals,Royal Challengers Bangalore,Delhi Capitals,bat,Delhi Capitals,runs,16.0,188.0,20.0,N,,BNJ Oxenford,KN Ananthapadmanabhan
1178422.0,2019,Kolkata,2019-04-28,League,AD Russell,Eden Gardens,Kolkata Knight Riders,Mumbai Indians,Mumbai Indians,field,Kolkata Knight Riders,runs,34.0,233.0,20.0,N,,IJ Gould,Nitin Menon
1178423.0,2019,Hyderabad,2019-04-29,League,DA Warner,Rajiv Gandhi International Stadium,Sunrisers Hyderabad,Kings XI Punjab,Kings XI Punjab,field,Sunrisers Hyderabad,runs,45.0,213.0,20.0,N,,CK Nandan,S Ravi
1178424.0,2019,Bengaluru,2019-04-30,League,,M.Chinnaswamy Stadium,Royal Challengers Bangalore,Rajasthan Royals,Rajasthan Royals,field,,no result,,63.0,5.0,N,,NJ Llong,UV Gandhe
1178425.0,2019,Chennai,2019-05-01,League,MS Dhoni,MA Chidambaram Stadium,Chennai Super Kings,Delhi Capitals,Delhi Capitals,field,Chennai Super Kings,runs,80.0,180.0,20.0,N,,AY Dandekar,Nitin Menon
1178426.0,2019,Mumbai,2019-05-02,League,JJ Bumrah,Wankhede Stadium,Mumbai Indians,Sunrisers Hyderabad,Mumbai Indians,bat,Mumbai Indians,tie,,163.0,20.0,Y,,CK Nandan,S Ravi
1178427.0,2019,Chandigarh,2019-05-03,League,Shubman Gill,Punjab Cricket Association IS Bindra Stadium,Kings XI Punjab,Kolkata Knight Riders,Kolkata Knight Riders,field,Kolkata Knight Riders,wickets,7.0,184.0,20.0,N,,BNJ Oxenford,C Shamshuddin
1178428.0,2019,Delhi,2019-05-04,League,A Mishra,Arun Jaitley Stadium,Rajasthan Royals,Delhi Capitals,Rajasthan Royals,bat,Delhi Capitals,wickets,5.0,116.0,20.0,N,,AY Dandekar,IJ Gould
1178429.0,2019,Bengaluru,2019-05-04,League,SO Hetmyer,M.Chinnaswamy Stadium,Sunrisers Hyderabad,Royal Challengers Bangalore,Royal Challengers Bangalore,field,Royal Challengers Bangalore,wickets,4.0,176.0,20.0,N,,AK Chaudhary,NJ Llong
1178430.0,2019,Chandigarh,2019-05-05,League,KL Rahul,Punjab Cricket Association IS Bindra Stadium,Chennai Super Kings,Kings XI Punjab,Kings XI Punjab,field,Kings XI Punjab,wickets,6.0,171.0,20.0,N,,C Shamshuddin,KN Ananthapadmanabhan
1178431.0,2019,Mumbai,2019-05-05,League,HH Pandya,Wankhede Stadium,Kolkata Knight Riders,Mumbai Indians,Mumbai Indians,field,Mumbai Indians,wickets,9.0,134.0,20.0,N,,A Nand Kishore,CK Nandan
1181764.0,2019,Chennai,2019-05-07,Qualifier 1,SA Yadav,MA Chidambaram Stadium,Chennai Super Kings,Mumbai Indians,Chennai Super Kings,bat,Mumbai Indians,wickets,6.0,132.0,20.0,N,,NJ Llong,Nitin Menon
1181766.0,2019,Visakhapatnam,2019-05-08,Eliminator,RR Pant,Dr. Y.S. Rajasekhara Reddy ACA-VDCA Cricket Stadium,Sunrisers Hyderabad,Delhi Capitals,Delhi Capitals,field,Delhi Capitals,wickets,2.0,163.0,20.0,N,,BNJ Oxenford,S Ravi
1181767.0,2019,Visakhapatnam,2019-05-10,Qualifier 2,F du Plessis,Dr. Y.S. Rajasekhara Reddy ACA-VDCA Cricket Stadium,Delhi Capitals,Chennai Super Kings,Chennai Super Kings,field,Chennai Super Kings,wickets,6.0,148.0,20.0,N,,BNJ Oxenford,S Ravi
1181768.0,2019,Hyderabad,2019-05-12,Final,JJ Bumrah,Rajiv Gandhi International Stadium,Mumbai Indians,Chennai Super Kings,Mumbai Indians,bat,Mumbai Indians,runs,1.0,150.0,20.0,N,,IJ Gould,Nitin Menon
1216492.0,2020/21,Abu Dhabi,2020-09-19,League,AT Rayudu,Sheikh Zayed Stadium,Mumbai Indians,Chennai Super Kings,Chennai Super Kings,field,Chennai Super Kings,wickets,5.0,163.0,20.0,N,,CB Gaffaney,VK Sharma
,,,,,,,,,,,,,,,,,,,
1216534.0,2020/21,,2020-09-21,League,YS Chahal,Dubai International Cricket Stadium,Royal Challengers Bangalore,Sunrisers Hyderabad,Sunrisers Hyderabad,field,Royal Challengers Bangalore,runs,10.0,164.0,20.0,N,,AY Dandekar,Nitin Menon
1216496.0,2020/21,,2020-09-22,League,SV Samson,Sharjah Cricket Stadium,Rajasthan Royals,Chennai Super Kings,Chennai Super Kings,field,Rajasthan Royals,runs,16.0,217.0,20.0,N,,C Shamshuddin,VA Kulkarni
1216508.0,2020/21,Abu Dhabi,2020-09-23,League,RG Sharma,Sheikh Zayed Stadium,Mumbai Indians,Kolkata Knight Riders,Kolkata Knight Riders,field,Mumbai Indians,runs,49.0,196.0,20.0,N,,CB Gaffaney,S Ravi
1216510.0,2020/21,,2020-09-24,League,KL Rahul,Dubai International Cricket Stadium,Kings XI Punjab,Royal Challengers Bangalore,Royal Challengers Bangalore,field,Kings XI Punjab,runs,97.0,207.0,20.0,N,,AK Chaudhary,PR Reiffel
1216539.0,2020/21,,2020-09-25,League,PP Shaw,Dubai International Cricket Stadium,Delhi Capitals,Chennai Super Kings,Chennai Super Kings,field,Delhi Capitals,runs,44.0,176.0,20.0,N,,KN Ananthapadmanabhan,RK Illingworth
1216545.0,2020/21,Abu Dhabi,2020-09-26,League,Shubman Gill,Sheikh Zayed Stadium,Sunrisers Hyderabad,Kolkata Knight Riders,Sunrisers Hyderabad,bat,Kolkata Knight Riders,wickets,7.0,143.0,20.0,N,,CB Gaffaney,VK Sharma
1216527.0,2020/21,,2020-09-27,League,SV Samson,Sharjah Cricket Stadium,Kings XI Punjab,Rajasthan Royals,Rajasthan Royals,field,Rajasthan Royals,wickets,4.0,224.0,20.0,N,,RK Illingworth,K Srinivasan
,,,,,,,,,,,,,,,,,,,
1216532.0,2020/21,Abu Dhabi,2020-09-29,League,Rashid Khan,Sheikh Zayed Stadium,Sunrisers Hyderabad,Delhi Capitals,Delhi Capitals,field,Sunrisers Hyderabad,runs,15.0,163.0,20.0,N,,VK Sharma,S Ravi
,,,,,,,,,,,,,,,,,,,
1216503.0,2020/21,Abu Dhabi,2020-10-01,League,KA Pollard,Sheikh Zayed Stadium,Mumbai Indians,Kings XI Punjab,Kings XI Punjab,field,Mumbai Indians,runs,48.0,192.0,20.0,N,,VK Sharma,S Ravi
1216516.0,2020/21,,2020-10-02,League,PK Garg,Dubai International Cricket Stadium,Sunrisers Hyderabad,Chennai Super Kings,Sunrisers Hyderabad,bat,Sunrisers Hyderabad,runs,7.0,165.0,20.0,N,,AK Chaudhary,PR Reiffel
1216514.0,2020/21,Abu Dhabi,2020-10-03,League,YS Chahal,Sheikh Zayed Stadium,Rajasthan Royals,Royal Challengers Bangalore,Rajasthan Royals,bat,Royal Challengers Bangalore,wickets,8.0,155.0,20.0,N,,CB Gaffaney,S Ravi
1216515.0,2020/21,,2020-10-03,League,SS Iyer,Sharjah Cricket Stadium,Delhi Capitals,Kolkata Knight Riders,Kolkata Knight Riders,field,Delhi Capitals,runs,18.0,229.0,20.0,N,,VA Kulkarni,RK Illingworth
1216513.0,2020/21,,2020-10-04,League,SR Watson,Dubai International Cricket Stadium,Kings XI Punjab,Chennai Super Kings,Kings XI Punjab,bat,Chennai Super Kings,wickets,10.0,179.0,20.0,N,,AY Dandekar,Nitin Menon
1216538.0,2020/21,,2020-10-04,League,TA Boult,Sharjah Cricket Stadium,Mumbai Indians,Sunrisers Hyderabad,Mumbai Indians,bat,,runs,34.0,209.0,20.0,N,,KN Ananthapadmanabhan,RK Illingworth
1216519.0,2020/21,,2020-10-05,League,AR Patel,Dubai International Cricket Stadium,Delhi Capitals,Royal Challengers Bangalore,Royal Challengers Bangalore,field,Delhi Capitals,runs,59.0,197.0,20.0,N,,Nitin Menon,YC Barde
1216511.0,2020/21,Abu Dhabi,2020-10-06,League,SA Yadav,Sheikh Zayed Stadium,Mumbai Indians,Rajasthan Royals,Mumbai Indians,bat,Mumbai Indians,runs,57.0,194.0,20.0,N,,VK Sharma,S Ravi
1216501.0,2020/21,Abu Dhabi,2020-10-07,League,RA Tripathi,Sheikh Zayed Stadium,Kolkata Knight Riders,Chennai Super Kings,Kolkata Knight Riders,bat,Kolkata Knight Riders,runs,10.0,168.0,20.0,N,,KN Ananthapadmanabhan,RK Illingworth
1216542.0,2020/21,,2020-10-08,League,JM Bairstow,Dubai International Cricket Stadium,Sunrisers Hyderabad,Kings XI Punjab,Sunrisers Hyderabad,bat,Sunrisers Hyderabad,runs,69.0,202.0,20.0,N,,AK Chaudhary,Nitin Menon
1216500.0,2020/21,,2020-10-09,League,R Ashwin,Sharjah Cricket Stadium,Delhi Capitals,Rajasthan Royals,Rajasthan Royals,field,Delhi Capitals,runs,46.0,185.0,20.0,N,,KN Ananthapadmanabhan,C Shamshuddin
1216523.0,2020/21,Abu Dhabi,2020-10-10,League,KD Karthik,Sheikh Zayed Stadium,Kolkata Knight Riders,Kings XI Punjab,Kolkata Knight Riders,bat,Kolkata Knight Riders,runs,2.0,165.0,20.0,N,,UV Gandhe,CB Gaffaney
1216525.0,2020/21,,2020-10-10,League,V Kohli,Dubai International Cricket Stadium,Royal Challengers Bangalore,Chennai Super Kings,Royal Challengers Bangalore,bat,Royal Challengers Bangalore,runs,37.0,170.0,20.0,N,,AK Chaudhary,PR Reiffel
1216507.0,2020/21,,2020-10-11,League,R Tewatia,Dubai International Cricket Stadium,Sunrisers Hyderabad,Rajasthan Royals,Sunrisers Hyderabad,bat,Rajasthan Royals,wickets,5.0,159.0,20.0,N,,YC Barde,PR Reiffel
1216529.0,2020/21,Abu Dhabi,2020-10-11,League,Q de Kock,Sheikh Zayed Stadium,Delhi Capitals,Mumbai Indians,Delhi Capitals,bat,Mumbai Indians,wickets,5.0,163.0,20.0,N,,CB Gaffaney,S Ravi
1216540.0,2020/21,,2020-10-12,League,AB de Villiers,Sharjah Cricket Stadium,Royal Challengers Bangalore,Kolkata Knight Riders,Royal Challengers Bangalore,bat,Royal Challengers Bangalore,runs,82.0,195.0,20.0,N,,RK Illingworth,K Srinivasan
1216528.0,2020/21,UnknownCity,2020-10-13,League,RA Jadeja,Dubai International Cricket Stadium,Chennai Super Kings,Sunrisers Hyderabad,Chennai Super Kings,bat,Chennai Super Kings,runs,20.0,168.0,20.0,N,,AK Chaudhary,PR Reiffel
1216543.0,2020/21,,2020-10-14,League,A Nortje,Dubai International Cricket Stadium,Delhi Capitals,Rajasthan Royals,Delhi Capitals,bat,Delhi Capitals,runs,13.0,162.0,20.0,N,,AK Chaudhary,Nitin Menon
1216531.0,2020/21,,2020-10-15,League,KL Rahul,Sharjah Cricket Stadium,Royal Challengers Bangalore,Kings XI Punjab,Royal Challengers Bangalore,bat,Kings XI Punjab,wickets,8.0,172.0,20.0,N,,KN Ananthapadmanabhan,C Shamshuddin
1216526.0,2020/21,Abu Dhabi,2020-10-16,League,Q de Kock,Sheikh Zayed Stadium,Kolkata Knight Riders,Mumbai Indians,Kolkata Knight Riders,bat,Mumbai Indians,wickets,8.0,149.0,20.0,N,,CB Gaffaney,VK Sharma
1216509.0,2020/21,,2020-10-17,League,S Dhawan,Sharjah Cricket Stadium,Chennai Super Kings,Delhi Capitals,Chennai Super Kings,bat,Delhi Capitals,wickets,5.0,180.0,20.0,N,,KN Ananthapadmanabhan,RK Illingworth
1216522.0,2020/21,,2020-10-17,League,AB de Villiers,Dubai International Cricket Stadium,Rajasthan Royals,Royal Challengers Bangalore,Rajasthan Royals,bat,Royal Challengers Bangalore,wickets,7.0,178.0,20.0,N,,AK Chaudhary,Nitin Menon
1216512.0,2020/21,Abu Dhabi,2020-10-18,League,LH Ferguson,Sheikh Zayed Stadium,Kolkata Knight Riders,Sunrisers Hyderabad,Sunrisers Hyderabad,field,Kolkata Knight Riders,tie,,164.0,20.0,Y,,PG Pathak,S Ravi
1216517.0,2020/21,,2020-10-18,League,KL Rahul,Dubai International Cricket Stadium,Mumbai Indians,Kings XI Punjab,Mumbai Indians,bat,Kings XI Punjab,tie,,177.0,20.0,Y,,Nitin Menon,PR Reiffel
1216533.0,2020/21,Abu Dhabi,2020-10-19,League,JC Buttler,Sheikh Zayed Stadium,Chennai Super Kings,Rajasthan Royals,Chennai Super Kings,bat,Rajasthan Royals,wickets,7.0,126.0,20.0,N,,CB Gaffaney,VK Sharma
1216546.0,2020/21,,2020-10-20,League,S Dhawan,Dubai International Cricket Stadium,Delhi Capitals,Kings XI Punjab,Delhi Capitals,bat,Kings XI Punjab,wickets,5.0,165.0,20.0,N,,C Shamshuddin,RK Illingworth
1216494.0,2020/21,Abu Dhabi,2020-10-21,League,Mohammed Siraj,Sheikh Zayed Stadium,Kolkata Knight Riders,Royal Challengers Bangalore,Kolkata Knight Riders,bat,Royal Challengers Bangalore,wickets,8.0,85.0,20.0,N,,VK Sharma,S Ravi
1216518.0,2020/21,,2020-10-22,League,MK Pandey,Dubai International Cricket Stadium,Rajasthan Royals,Sunrisers Hyderabad,Sunrisers Hyderabad,field,Sunrisers Hyderabad,wickets,8.0,155.0,20.0,N,,Nitin Menon,PR Reiffel
1216521.0,2020/21,,2020-10-23,League,TA Boult,Sharjah Cricket Stadium,Chennai Super Kings,Mumbai Indians,Mumbai Indians,field,Mumbai Indians,wickets,10.0,115.0,20.0,N,,C Shamshuddin,VA Kulkarni
1216497.0,2020/21,Abu Dhabi,2020-10-24,League,CV Varun,Sheikh Zayed Stadium,Kolkata Knight Riders,Delhi Capitals,Delhi Capitals,field,Kolkata Knight Riders,runs,59.0,195.0,20.0,N,,CB Gaffaney,PG Pathak
1216498.0,2020/21,,2020-10-24,League,CJ Jordan,Dubai International Cricket Stadium,Kings XI Punjab,Sunrisers Hyderabad,Sunrisers Hyderabad,field,Kings XI Punjab,runs,12.0,127.0,20.0,N,,AY Dandekar,PR Reiffel
1216541.0,2020/21,Abu Dhabi,2020-10-25,League,BA Stokes,Sheikh Zayed Stadium,Mumbai Indians,Rajasthan Royals,Mumbai Indians,bat,Rajasthan Royals,wickets,8.0,196.0,20.0,N,,UV Gandhe,VK Sharma
1216544.0,2020/21,,2020-10-25,League,RD Gaikwad,Dubai International Cricket Stadium,Royal Challengers Bangalore,Chennai Super Kings,Royal Challengers Bangalore,bat,Chennai Super Kings,wickets,8.0,146.0,20.0,N,,C Shamshuddin,RK Illingworth
1216520.0,2020/21,,2020-10-26,League,CH Gayle,Sharjah Cricket Stadium,Kolkata Knight Riders,Kings XI Punjab,Kings XI Punjab,field,Kings XI Punjab,wickets,8.0,150.0,20.0,N,,KN Ananthapadmanabhan,RK Illingworth
1216524.0,2020/21,,2020-10-27,League,WP Saha,Dubai International Cricket Stadium,Sunrisers Hyderabad,Delhi Capitals,Delhi Capitals,field,,runs,88.0,220.0,20.0,N,,AK Chaudhary,Nitin Menon
1216499.0,2020/21,Abu Dhabi,2020-10-28,League,SA Yadav,Sheikh Zayed Stadium,Royal Challengers Bangalore,Mumbai Indians,Mumbai Indians,field,Mumbai Indians,wickets,5.0,165.0,20.0,N,,UV Gandhe,CB Gaffaney
1216536.0,2020/21,,2020-10-29,League,RD Gaikwad,Dubai International Cricket Stadium,Kolkata Knight Riders,Chennai Super Kings,Chennai Super Kings,field,XYZ Team,wickets,6.0,173.0,20.0,N,,C Shamshuddin,RK Illingworth
1216537.0,2020/21,Abu Dhabi,2020-10-30,League,BA Stokes,Sheikh Zayed Stadium,Kings XI Punjab,Rajasthan Royals,Rajasthan Royals,field,Rajasthan Royals,wickets,7.0,186.0,20.0,N,,CB Gaffaney,S Ravi
1216502.0,2020/21,,2020-10-31,League,Sandeep Sharma,Sharjah Cricket Stadium,Royal Challengers Bangalore,Sunrisers Hyderabad,Sunrisers Hyderabad,field,,wickets,5.0,121.0,20.0,N,,KN Ananthapadmanabhan,K Srinivasan
1216535.0,2020/21,,2020-10-31,League,Ishan Kishan,Dubai International Cricket Stadium,Delhi Capitals,Mumbai Indians,Mumbai Indians,field,Mumbai Indians,wickets,9.0,111.0,20.0,N,,YC Barde,PR Reiffel
1216506.0,2020/21,Abu Dhabi,2020-11-01,League,RD Gaikwad,Sheikh Zayed Stadium,Kings XI Punjab,Chennai Super Kings,Chennai Super Kings,field,Chennai Super Kings,wickets,9.0,154.0,20.0,N,,PG Pathak,VK Sharma
1216530.0,2020/21,,2020-11-01,League,PJ Cummins,Dubai International Cricket Stadium,Kolkata Knight Riders,Rajasthan Royals,Rajasthan Royals,field,Kolkata Knight Riders,runs,60.0,192.0,20.0,N,,Nitin Menon,PR Reiffel
1216505.0,2020/21,Abu Dhabi,2020-11-02,League,A Nortje,Sheikh Zayed Stadium,Royal Challengers Bangalore,Delhi Capitals,Delhi Capitals,field,Delhi Capitals,wickets,6.0,153.0,20.0,N,,CB Gaffaney,S Ravi
1216495.0,2020/21,,2020-11-03,League,S Nadeem,Sharjah Cricket Stadium,Mumbai Indians,Sunrisers Hyderabad,Sunrisers Hyderabad,field,Sunrisers Hyderabad,wickets,10.0,150.0,20.0,N,,C Shamshuddin,RK Illingworth
1237177.0,2020/21,,2020-11-05,Qualifier 1,JJ Bumrah,Dubai International Cricket Stadium,Mumbai Indians,Delhi Capitals,Delhi Capitals,field,Mumbai Indians,runs,57.0,201.0,20.0,N,,CB Gaffaney,Nitin Menon
1237178.0,2020/21,Abu Dhabi,2020-11-06,Eliminator,KS Williamson,Sheikh Zayed Stadium,Royal Challengers Bangalore,Sunrisers Hyderabad,Sunrisers Hyderabad,field,Sunrisers Hyderabad,wickets,6.0,132.0,20.0,N,,PR Reiffel,S Ravi
1237180.0,2020/21,Abu Dhabi,2020-11-08,Qualifier 2,MP Stoinis,Sheikh Zayed Stadium,Delhi Capitals,Sunrisers Hyderabad,Delhi Capitals,bat,Delhi Capitals,runs,17.0,190.0,20.0,N,,PR Reiffel,S Ravi
1237181.0,2020/21,,2020-11-10,Final,TA Boult,Dubai International Cricket Stadium,Delhi Capitals,Mumbai Indians,Delhi Capitals,bat,Mumbai Indians,wickets,5.0,157.0,20.0,N,,CB Gaffaney,Nitin Menon
1254058.0,2021,Chennai,2021-04-09,League,HV Patel,"MA Chidambaram Stadium, Chepauk, Chennai",Mumbai Indians,Royal Challengers Bangalore,Royal Challengers Bangalore,field,Royal Challengers Bangalore,wickets,2.0,160.0,20.0,N,,KN Ananthapadmanabhan,Nitin Menon
1254059.0,2021,Mumbai,2021-04-10,League,S Dhawan,"Wankhede Stadium, Mumbai",Chennai Super Kings,Delhi Capitals,Delhi Capitals,field,Delhi Capitals,wickets,7.0,189.0,20.0,N,,AK Chaudhary,VK Sharma
1254060.0,2021,Chennai,2021-04-11,League,N Rana,"MA Chidambaram Stadium, Chepauk, Chennai",Kolkata Knight Riders,Sunrisers Hyderabad,Sunrisers Hyderabad,field,Kolkata Knight Riders,runs,10.0,188.0,20.0,N,,KN Ananthapadmanabhan,Nitin Menon
1254061.0,2021,Mumbai,2021-04-12,League,SV Samson,"Wankhede Stadium, Mumbai",Punjab Kings,Rajasthan Royals,Rajasthan Royals,field,Punjab Kings,runs,4.0,222.0,20.0,N,,AK Chaudhary,S Ravi
1254062.0,2021,Chennai,2021-04-13,League,RD Chahar,"MA Chidambaram Stadium, Chepauk, Chennai",Mumbai Indians,Kolkata Knight Riders,Kolkata Knight Riders,field,Mumbai Indians,runs,10.0,153.0,20.0,N,,C Shamshuddin,CB Gaffaney
1254063.0,2021,Chennai,2021-04-14,League,GJ Maxwell,"MA Chidambaram Stadium, Chepauk, Chennai",Royal Challengers Bangalore,Sunrisers Hyderabad,Sunrisers Hyderabad,field,Royal Challengers Bangalore,runs,6.0,150.0,20.0,N,,Nitin Menon,UV Gandhe
1254064.0,2021,Mumbai,2021-04-15,League,JD Unadkat,"Wankhede Stadium, Mumbai",Delhi Capitals,Rajasthan Royals,Rajasthan Royals,field,Rajasthan Royals,wickets,3.0,148.0,20.0,N,,S Ravi,VK Sharma
1254065.0,2021,Mumbai,2021-04-16,League,DL Chahar,"Wankhede Stadium, Mumbai",Punjab Kings,Chennai Super Kings,Chennai Super Kings,field,Chennai Super Kings,wickets,6.0,107.0,20.0,N,,AK Chaudhary,AY Dandekar
1254066.0,2021,Chennai,2021-04-17,League,KA Pollard,"MA Chidambaram Stadium, Chepauk, Chennai",Mumbai Indians,Sunrisers Hyderabad,Mumbai Indians,bat,Mumbai Indians,runs,13.0,151.0,20.0,N,,CB Gaffaney,K Srinivasan
1254067.0,2021,Chennai,2021-04-18,League,AB de Villiers,"MA Chidambaram Stadium, Chepauk, Chennai",Royal Challengers Bangalore,Kolkata Knight Riders,Royal Challengers Bangalore,bat,Royal Challengers Bangalore,runs,38.0,205.0,20.0,N,,C Shamshuddin,Nitin Menon
1254068.0,2021,Mumbai,2021-04-18,League,S Dhawan,"Wankhede Stadium, Mumbai",Punjab Kings,Delhi Capitals,Delhi Capitals,field,Delhi Capitals,wickets,6.0,196.0,20.0,N,,AK Chaudhary,PR Reiffel
1254069.0,2021,Mumbai,2021-04-19,League,MM Ali,"Wankhede Stadium, Mumbai",Chennai Super Kings,Rajasthan Royals,Rajasthan Royals,field,Chennai Super Kings,runs,45.0,189.0,20.0,N,,PR Reiffel,VK Sharma
1254070.0,2021,Chennai,2021-04-20,League,A Mishra,"MA Chidambaram Stadium, Chepauk, Chennai",Mumbai Indians,Delhi Capitals,Mumbai Indians,bat,Delhi Capitals,wickets,6.0,138.0,20.0,N,,C Shamshuddin,CB Gaffaney
1254071.0,2021,Chennai,2021-04-21,League,JM Bairstow,"MA Chidambaram Stadium, Chepauk, Chennai",Punjab Kings,Sunrisers Hyderabad,Punjab Kings,bat,Sunrisers Hyderabad,wickets,9.0,121.0,20.0,N,,K Srinivasan,Nitin Menon
1254072.0,2021,Mumbai,2021-04-21,League,F du Plessis,"Wankhede Stadium, Mumbai",Chennai Super Kings,Kolkata Knight Riders,Kolkata Knight Riders,field,Chennai Super Kings,runs,18.0,221.0,20.0,N,,AY Dandekar,PR Reiffel
1254073.0,2021,Mumbai,2021-04-22,League,D Padikkal,"Wankhede Stadium, Mumbai",Rajasthan Royals,Royal Challengers Bangalore,Royal Challengers Bangalore,field,Royal Challengers Bangalore,wickets,10.0,178.0,20.0,N,,J Madanagopal,S Ravi
1254074.0,2021,Chennai,2021-04-23,League,KL Rahul,"MA Chidambaram Stadium, Chepauk, Chennai",Mumbai Indians,Punjab Kings,Punjab Kings,field,Punjab Kings,wickets,9.0,132.0,20.0,N,,C Shamshuddin,Nitin Menon
1254075.0,2021,Mumbai,2021-04-24,League,CH Morris,"Wankhede Stadium, Mumbai",Kolkata Knight Riders,Rajasthan Royals,Rajasthan Royals,field,Rajasthan Royals,wickets,6.0,134.0,20.0,N,,Navdeep Singh,S Ravi
1254076.0,2021,Mumbai,2021-04-25,League,RA Jadeja,"Wankhede Stadium, Mumbai",Chennai Super Kings,Royal Challengers Bangalore,Chennai Super Kings,bat,Chennai Super Kings,runs,69.0,192.0,20.0,N,,AK Chaudhary,VK Sharma
1254077.0,2021,Chennai,2021-04-25,League,PP Shaw,"MA Chidambaram Stadium, Chepauk, Chennai",Delhi Capitals,Sunrisers Hyderabad,Delhi Capitals,bat,Delhi Capitals,tie,,160.0,20.0,Y,,CB Gaffaney,KN Ananthapadmanabhan
1254078.0,2021,Ahmedabad,2021-04-26,League,EJG Morgan,"Narendra Modi Stadium, Ahmedabad",Punjab Kings,Kolkata Knight Riders,Kolkata Knight Riders,field,,wickets,5.0,124.0,20.0,N,,PR Reiffel,YC Barde
1254079.0,2021,UnknownCity,2021-04-27,League,AB de Villiers,"Narendra Modi Stadium, Ahmedabad",Royal Challengers Bangalore,Delhi Capitals,Delhi Capitals,field,Royal Challengers Bangalore,runs,1.0,172.0,20.0,N,,S Ravi,VK Sharma
1254080.0,2021,Delhi,2021-04-28,League,RD Gaikwad,"Arun Jaitley Stadium, Delhi",Sunrisers Hyderabad,Chennai Super Kings,Sunrisers Hyderabad,bat,Chennai Super Kings,wickets,7.0,172.0,20.0,N,,C Shamshuddin,CK Nandan
1254081.0,2021,Delhi,2021-04-29,League,Q de Kock,"Arun Jaitley Stadium, Delhi",Rajasthan Royals,Mumbai Indians,Mumbai Indians,field,Mumbai Indians,wickets,7.0,172.0,20.0,N,,CB Gaffaney,KN Ananthapadmanabhan
1254082.0,2021,Ahmedabad,2021-04-29,League,PP Shaw,"Narendra Modi Stadium, Ahmedabad",Kolkata Knight Riders,Delhi Capitals,Delhi Capitals,field,Delhi Capitals,wickets,7.0,155.0,20.0,N,,AK Chaudhary,YC Barde
,,,,,,,,,,,,,,,,,,,
1254084.0,2021,Delhi,2021-05-01,League,KA Pollard,"Arun Jaitley Stadium, Delhi",Chennai Super Kings,Mumbai Indians,Mumbai Indians,field,Mumbai Indians,wickets,4.0,219.0,20.0,N,,KN Ananthapadmanabhan,CK Nandan
1254085.0,2021,Delhi,2021-05-02,League,JC Buttler,"Arun Jaitley Stadium, Delhi",Rajasthan Royals,Sunrisers Hyderabad,Sunrisers Hyderabad,field,Rajasthan Royals,runs,55.0,221.0,20.0,N,,C Shamshuddin,CB Gaffaney
1254086.0,2021,Ahmedabad,2021-05-02,League,MA Agarwal,"Narendra Modi Stadium, Ahmedabad",Punjab Kings,Delhi Capitals,Delhi Capitals,field,Delhi Capitals,wickets,7.0,167.0,20.0,N,,AK Chaudhary,AY Dandekar
1254104.0,2021,Dubai,2021-09-19,League,RD Gaikwad,Dubai International Cricket Stadium,Chennai Super Kings,Mumbai Indians,Chennai Super Kings,bat,Chennai Super Kings,runs,20.0,157.0,20.0,N,,Nitin Menon,RK Illingworth
1254087.0,2021,Abu Dhabi,2021-09-20,League,CV Varun,"Zayed Cricket Stadium, Abu Dhabi",Royal Challengers Bangalore,Kolkata Knight Riders,Royal Challengers Bangalore,bat,Kolkata Knight Riders,wickets,9.0,93.0,20.0,N,,CB Gaffaney,S Ravi
,,,,,,,,,,,,,,,,,,,
1254105.0,2021,Dubai,2021-09-22,League,A Nortje,Dubai International Cricket Stadium,Sunrisers Hyderabad,Delhi Capitals,Sunrisers Hyderabad,bat,Delhi Capitals,wickets,8.0,135.0,20.0,N,,KN Ananthapadmanabhan,RK Illingworth
1254096.0,2021,Abu Dhabi,2021-09-23,League,SP Narine,"Zayed Cricket Stadium, Abu Dhabi",Mumbai Indians,Kolkata Knight Riders,Kolkata Knight Riders,field,Kolkata Knight Riders,wickets,7.0,156.0,20.0,N,,S Ravi,VK Sharma
1254113.0,2021,Sharjah,2021-09-24,League,DJ Bravo,Sharjah Cricket Stadium,Royal Challengers Bangalore,Chennai Super Kings,Chennai Super Kings,field,Chennai Super Kings,wickets,6.0,157.0,20.0,N,,AK Chaudhary,Nitin Menon
1254097.0,2021,UnknownCity,2021-09-25,League,SS Iyer,"Zayed Cricket Stadium, Abu Dhabi",Delhi Capitals,Rajasthan Royals,Rajasthan Royals,field,Delhi Capitals,runs,33.0,155.0,20.0,N,,CB Gaffaney,UV Gandhe
1254107.0,2021,Sharjah,2021-09-25,League,JO Holder,Sharjah Cricket Stadium,Punjab Kings,Sunrisers Hyderabad,Sunrisers Hyderabad,field,Punjab Kings,runs,5.0,126.0,20.0,N,,RK Illingworth,YC Barde
1254098.0,2021,Abu Dhabi,2021-09-26,League,RA Jadeja,"Zayed Cricket Stadium, Abu Dhabi",Kolkata Knight Riders,Chennai Super Kings,Kolkata Knight Riders,bat,Chennai Super Kings,wickets,2.0,172.0,20.0,N,,CB Gaffaney,Tapan Sharma
1254108.0,2021,Dubai,2021-09-26,League,GJ Maxwell,Dubai International Cricket Stadium,Royal Challengers Bangalore,Mumbai Indians,Mumbai Indians,field,Royal Challengers Bangalore,runs,54.0,166.0,20.0,N,,AK Chaudhary,MA Gough
1254100.0,2021,Dubai,2021-09-27,League,JJ Roy,Dubai International Cricket Stadium,Rajasthan Royals,Sunrisers Hyderabad,Rajasthan Royals,bat,Sunrisers Hyderabad,wickets,7.0,165.0,20.0,N,,KN Ananthapadmanabhan,Navdeep Singh
1254092.0,2021,Sharjah,2021-09-28,League,SP Narine,Sharjah Cricket Stadium,Delhi Capitals,Kolkata Knight Riders,Kolkata Knight Riders,field,Kolkata Knight Riders,wickets,3.0,128.0,20.0,N,,Nitin Menon,HAS Khalid
1254099.0,2021,Abu Dhabi,2021-09-28,League,KA Pollard,"Zayed Cricket Stadium, Abu Dhabi",Punjab Kings,Mumbai Indians,Mumbai Indians,field,Mumbai Indians,wickets,6.0,136.0,20.0,N,,S Ravi,VK Sharma
1254103.0,2021,Dubai,2021-09-29,League,YS Chahal,Dubai International Cricket Stadium,Rajasthan Royals,Royal Challengers Bangalore,Royal Challengers Bangalore,field,Royal Challengers Bangalore,wickets,7.0,150.0,20.0,N,,AY Dandekar,KN Ananthapadmanabhan
1254091.0,2021,Sharjah,2021-09-30,League,JR Hazlewood,Sharjah Cricket Stadium,Sunrisers Hyderabad,Chennai Super Kings,Chennai Super Kings,field,Chennai Super Kings,wickets,6.0,135.0,20.0,N,,Nitin Menon,YC Barde
1254102.0,2021,Dubai,2021-10-01,League,KL Rahul,Dubai International Cricket Stadium,Kolkata Knight Riders,Punjab Kings,Punjab Kings,field,Punjab Kings,wickets,5.0,166.0,20.0,N,,KN Ananthapadmanabhan,RK Illingworth
1254089.0,2021,Abu Dhabi,2021-10-02,League,RD Gaikwad,"Zayed Cricket Stadium, Abu Dhabi",Chennai Super Kings,Rajasthan Royals,Rajasthan Royals,field,Rajasthan Royals,wickets,7.0,190.0,20.0,N,,CB Gaffaney,VK Sharma
1254112.0,2021,Sharjah,2021-10-02,League,AR Patel,Sharjah Cricket Stadium,Mumbai Indians,Delhi Capitals,Delhi Capitals,field,Delhi Capitals,wickets,4.0,130.0,20.0,N,,AK Chaudhary,MA Gough
1254090.0,2021,Sharjah,2021-10-03,League,GJ Maxwell,Sharjah Cricket Stadium,Royal Challengers Bangalore,Punjab Kings,Royal Challengers Bangalore,bat,Royal Challengers Bangalore,runs,6.0,165.0,20.0,N,,KN Ananthapadmanabhan,RK Illingworth
1254109.0,2021,Dubai,2021-10-03,League,Shubman Gill,Dubai International Cricket Stadium,Sunrisers Hyderabad,Kolkata Knight Riders,Sunrisers Hyderabad,bat,Kolkata Knight Riders,wickets,6.0,116.0,20.0,N,,J Madanagopal,MA Gough
1254110.0,2021,Dubai,2021-10-04,League,AR Patel,Dubai International Cricket Stadium,Chennai Super Kings,Delhi Capitals,Delhi Capitals,field,Delhi Capitals,wickets,3.0,137.0,20.0,N,,AK Chaudhary,Nitin Menon
1254093.0,2021,Sharjah,2021-10-05,League,NM Coulter-Nile,Sharjah Cricket Stadium,Rajasthan Royals,Mumbai Indians,Mumbai Indians,field,Mumbai Indians,wickets,8.0,91.0,20.0,N,,AK Chaudhary,MA Gough
1254095.0,2021,Abu Dhabi,2021-10-06,League,KS Williamson,"Zayed Cricket Stadium, Abu Dhabi",Sunrisers Hyderabad,Royal Challengers Bangalore,Royal Challengers Bangalore,field,Sunrisers Hyderabad,runs,4.0,142.0,20.0,N,,S Ravi,UV Gandhe
1254094.0,2021,Dubai,2021-10-07,League,KL Rahul,Dubai International Cricket Stadium,Chennai Super Kings,Punjab Kings,Punjab Kings,field,Punjab Kings,wickets,6.0,135.0,20.0,N,,K Srinivasan,RK Illingworth
1254106.0,2021,Sharjah,2021-10-07,League,Shivam Mavi,Sharjah Cricket Stadium,Kolkata Knight Riders,Rajasthan Royals,Rajasthan Royals,field,Kolkata Knight Riders,runs,86.0,172.0,20.0,N,,MA Gough,HAS Khalid
1254088.0,2021,Abu Dhabi,2021-10-08,League,Ishan Kishan,"Zayed Cricket Stadium, Abu Dhabi",Mumbai Indians,Sunrisers Hyderabad,Mumbai Indians,bat,Mumbai Indians,runs,42.0,236.0,20.0,N,,Tapan Sharma,VK Sharma
1254101.0,2021,Dubai,2021-10-08,League,KS Bharat,Dubai International Cricket Stadium,Delhi Capitals,Royal Challengers Bangalore,Royal Challengers Bangalore,field,Royal Challengers Bangalore,wickets,7.0,165.0,20.0,N,,KN Ananthapadmanabhan,Nitin Menon
,,,,,,,,,,,,,,,,,,,
1254115.0,2021,Sharjah,2021-10-11,Eliminator,SP Narine,Sharjah Cricket Stadium,Royal Challengers Bangalore,Kolkata Knight Riders,Royal Challengers Bangalore,bat,Kolkata Knight Riders,wickets,4.0,139.0,20.0,N,,CB Gaffaney,VK Sharma
1254116.0,2021,Sharjah,2021-10-13,Qualifier 2,VR Iyer,Sharjah Cricket Stadium,Delhi Capitals,Kolkata Knight Riders,Kolkata Knight Riders,field,Kolkata Knight Riders,wickets,3.0,136.0,20.0,N,,KN Ananthapadmanabhan,MA Gough
1254117.0,2021,Dubai,2021-10-15,Final,F du Plessis,Dubai International Cricket Stadium,Chennai Super Kings,Kolkata Knight Riders,Kolkata Knight Riders,field,,runs,27.0,193.0,20.0,N,,Nitin Menon,RK Illingworth
1304047.0,2022,UnknownCity,2022-03-26,League,UT Yadav,"Wankhede Stadium, Mumbai",Chennai Super Kings,Kolkata Knight Riders,Kolkata Knight Riders,field,Kolkata Knight Riders,wickets,6.0,132.0,20.0,N,,AK Chaudhary,Nitin Menon
1304048.0,2022,Mumbai,2022-03-27,League,Kuldeep Yadav,"Brabourne Stadium, Mumbai",Mumbai Indians,Delhi Capitals,Delhi Capitals,field,Delhi Capitals,wickets,4.0,178.0,20.0,N,,RJ Tucker,HAS Khalid
1304049.0,2022,Mumbai,2022-03-27,League,OF Smith,"Dr DY Patil Sports Academy, Mumbai",Royal Challengers Bangalore,Punjab Kings,Punjab Kings,field,XYZ Team,wickets,5.0,206.0,20.0,N,,Nitin Menon,YC Barde
1304050.0,2022,Mumbai,2022-03-28,League,Mohammed Shami,"Wankhede Stadium, Mumbai",Lucknow Super Giants,Gujarat Titans,Gujarat Titans,field,Gujarat Titans,wickets,5.0,159.0,20.0,N,,PG Pathak,VK Sharma
1304051.0,2022,Pune,2022-03-29,League,SV Samson,"Maharashtra Cricket Association Stadium, Pune",Rajasthan Royals,Sunrisers Hyderabad,Sunrisers Hyderabad,field,Rajasthan Royals,runs,61.0,211.0,20.0,N,,BNJ Oxenford,UV Gandhe
1304052.0,2022,Mumbai,2022-03-30,League,PWH de Silva,"Dr DY Patil Sports Academy, Mumbai",Kolkata Knight Riders,Royal Challengers Bangalore,Royal Challengers Bangalore,field,Royal Challengers Bangalore,wickets,3.0,129.0,20.0,N,,J Madanagopal,Navdeep Singh
1304053.0,2022,Mumbai,2022-03-31,League,E Lewis,"Brabourne Stadium, Mumbai",Chennai Super Kings,Lucknow Super Giants,Lucknow Super Giants,field,Lucknow Super Giants,wickets,6.0,211.0,20.0,N,,RJ Tucker,VK Sharma
1304054.0,2022,Mumbai,2022-04-01,League,UT Yadav,"Wankhede Stadium, Mumbai",Punjab Kings,Kolkata Knight Riders,Kolkata Knight Riders,field,Kolkata Knight Riders,wickets,6.0,138.0,20.0,N,,AK Chaudhary,HAS Khalid
1304055.0,2022,Mumbai,2022-04-02,League,JC Buttler,"Dr DY Patil Sports Academy, Mumbai",Rajasthan Royals,Mumbai Indians,Mumbai Indians,field,Rajasthan Royals,runs,23.0,194.0,20.0,N,,Nitin Menon,PG Pathak
1304056.0,2022,Pune,2022-04-02,League,LH Ferguson,"Maharashtra Cricket Association Stadium, Pune",Gujarat Titans,Delhi Capitals,Delhi Capitals,field,Gujarat Titans,runs,14.0,172.0,20.0,N,,KN Ananthapadmanabhan,UV Gandhe
1304057.0,2022,Mumbai,2022-04-03,League,LS Livingstone,"Brabourne Stadium, Mumbai",Punjab Kings,Chennai Super Kings,Chennai Super Kings,field,Punjab Kings,runs,54.0,181.0,20.0,N,,RJ Tucker,YC Barde
1304058.0,2022,Mumbai,2022-04-04,League,Avesh Khan,"Dr DY Patil Sports Academy, Mumbai",Lucknow Super Giants,Sunrisers Hyderabad,Sunrisers Hyderabad,field,Lucknow Super Giants,runs,12.0,170.0,20.0,N,,J Madanagopal,Navdeep Singh
1304059.0,2022,Mumbai,2022-04-05,League,KD Karthik,"Wankhede Stadium, Mumbai",Rajasthan Royals,Royal Challengers Bangalore,Royal Challengers Bangalore,field,Royal Challengers Bangalore,wickets,4.0,170.0,20.0,N,,AK Chaudhary,HAS Khalid
1304060.0,2022,Pune,2022-04-06,League,PJ Cummins,"Maharashtra Cricket Association Stadium, Pune",Mumbai Indians,Kolkata Knight Riders,Kolkata Knight Riders,field,,wickets,5.0,162.0,20.0,N,,BNJ Oxenford,KN Ananthapadmanabhan
1304061.0,2022,Mumbai,2022-04-07,League,Q de Kock,"Dr DY Patil Sports Academy, Mumbai",Delhi Capitals,Lucknow Super Giants,Lucknow Super Giants,field,Lucknow Super Giants,wickets,6.0,150.0,20.0,N,,RJ Tucker,Tapan Sharma
1304062.0,2022,Mumbai,2022-04-08,League,Shubman Gill,"Brabourne Stadium, Mumbai",Punjab Kings,Gujarat Titans,Gujarat Titans,field,Gujarat Titans,wickets,6.0,190.0,20.0,N,,AK Chaudhary,VK Sharma
1304063.0,2022,Mumbai,2022-04-09,League,Abhishek Sharma,"Dr DY Patil Sports Academy, Mumbai",Chennai Super Kings,Sunrisers Hyderabad,Sunrisers Hyderabad,field,Sunrisers Hyderabad,wickets,8.0,155.0,20.0,N,,Navdeep Singh,Nitin Menon
1304064.0,2022,Pune,2022-04-09,League,Anuj Rawat,"Maharashtra Cricket Association Stadium, Pune",Mumbai Indians,Royal Challengers Bangalore,Royal Challengers Bangalore,field,Royal Challengers Bangalore,wickets,7.0,152.0,20.0,N,,BNJ Oxenford,KN Ananthapadmanabhan
1304065.0,2022,Mumbai,2022-04-10,League,Kuldeep Yadav,"Brabourne Stadium, Mumbai",Delhi Capitals,Kolkata Knight Riders,Kolkata Knight Riders,field,Delhi Capitals,runs,44.0,216.0,20.0,N,,CB Gaffaney,J Madanagopal
1304066.0,2022,Mumbai,2022-04-10,League,YS Chahal,"Wankhede Stadium, Mumbai",Rajasthan Royals,Lucknow Super Giants,Lucknow Super Giants,field,Rajasthan Royals,runs,3.0,166.0,20.0,N,,AK Chaudhary,Tapan Sharma
1304067.0,2022,Mumbai,2022-04-11,League,KS Williamson,"Dr DY Patil Sports Academy, Mumbai",Gujarat Titans,Sunrisers Hyderabad,Sunrisers Hyderabad,field,,wickets,8.0,163.0,20.0,N,,Chirra Ravikanthreddy,RJ Tucker
1304068.0,2022,Mumbai,2022-04-12,League,S Dube,"Dr DY Patil Sports Academy, Mumbai",Chennai Super Kings,Royal Challengers Bangalore,Royal Challengers Bangalore,field,Chennai Super Kings,runs,23.0,217.0,20.0,N,,Nitin Menon,N Pandit
1304069.0,2022,Pune,2022-04-13,League,MA Agarwal,"Maharashtra Cricket Association Stadium, Pune",Punjab Kings,Mumbai Indians,Mumbai Indians,field,Punjab Kings,runs,12.0,199.0,20.0,N,,BNJ Oxenford,UV Gandhe
1304070.0,2022,Mumbai,2022-04-14,League,HH Pandya,"Dr DY Patil Sports Academy, Mumbai",Gujarat Titans,Rajasthan Royals,Rajasthan Royals,field,Gujarat Titans,runs,37.0,193.0,20.0,N,,CB Gaffaney,R Pandit
1304071.0,2022,Mumbai,2022-04-15,League,RA Tripathi,"Brabourne Stadium, Mumbai",Kolkata Knight Riders,Sunrisers Hyderabad,Sunrisers Hyderabad,field,Sunrisers Hyderabad,wickets,7.0,176.0,20.0,N,,GR Sadashiv Iyer,VK Sharma
1304072.0,2022,Mumbai,2022-04-16,League,KL Rahul,"Brabourne Stadium, Mumbai",Lucknow Super Giants,Mumbai Indians,Mumbai Indians,field,,runs,18.0,200.0,20.0,N,,AK Chaudhary,NA Patwardhan
1304073.0,2022,Mumbai,2022-04-16,League,KD Karthik,"Wankhede Stadium, Mumbai",Royal Challengers Bangalore,Delhi Capitals,Delhi Capitals,field,Royal Challengers Bangalore,runs,16.0,190.0,20.0,N,,Chirra Ravikanthreddy,J Madanagopal
1304074.0,2022,Mumbai,2022-04-17,League,Umran Malik,"Dr DY Patil Sports Academy, Mumbai",Punjab Kings,Sunrisers Hyderabad,Sunrisers Hyderabad,field,Sunrisers Hyderabad,wickets,7.0,152.0,20.0,N,,PG Pathak,R Pandit
1304075.0,2022,Pune,2022-04-17,League,DA Miller,"Maharashtra Cricket Association Stadium, Pune",Chennai Super Kings,Gujarat Titans,Gujarat Titans,field,Gujarat Titans,wickets,3.0,170.0,20.0,N,,KN Ananthapadmanabhan,UV Gandhe
1304076.0,2022,Mumbai,2022-04-18,League,YS Chahal,"Brabourne Stadium, Mumbai",Rajasthan Royals,Kolkata Knight Riders,Kolkata Knight Riders,field,Rajasthan Royals,runs,7.0,218.0,20.0,N,,GR Sadashiv Iyer,VK Sharma
1304077.0,2022,Mumbai,2022-04-19,League,F du Plessis,"Dr DY Patil Sports Academy, Mumbai",Royal Challengers Bangalore,Lucknow Super Giants,Lucknow Super Giants,field,Royal Challengers Bangalore,runs,18.0,182.0,20.0,N,,CB Gaffaney,N Pandit
1304078.0,2022,Mumbai,2022-04-20,League,Kuldeep Yadav,"Brabourne Stadium, Mumbai",Punjab Kings,Delhi Capitals,Delhi Capitals,field,Delhi Capitals,wickets,9.0,116.0,20.0,N,,RJ Tucker,Tapan Sharma
1304079.0,2022,Navi Mumbai,2022-04-21,League,Mukesh Choudhary,"Dr DY Patil Sports Academy, Mumbai",Mumbai Indians,Chennai Super Kings,Chennai Super Kings,field,Chennai Super Kings,wickets,3.0,156.0,20.0,N,,BNJ Oxenford,UV Gandhe
1304080.0,2022,UnknownCity,2022-04-22,League,JC Buttler,"Wankhede Stadium, Mumbai",Rajasthan Royals,Delhi Capitals,Delhi Capitals,field,Rajasthan Royals,runs,15.0,223.0,20.0,N,,NA Patwardhan,Nitin Menon
1304081.0,2022,Navi Mumbai,2022-04-23,League,Rashid Khan,"Dr DY Patil Sports Academy, Mumbai",Gujarat Titans,Kolkata Knight Riders,Gujarat Titans,bat,Gujarat Titans,runs,8.0,157.0,20.0,N,,KN Ananthapadmanabhan,UV Gandhe
,,,,,,,,,,,,,,,,,,,
1304083.0,2022,Mumbai,2022-04-24,League,KL Rahul,"Wankhede Stadium, Mumbai",Lucknow Super Giants,Mumbai Indians,Mumbai Indians,field,Lucknow Super Giants,runs,36.0,169.0,20.0,N,,M Erasmus,HAS Khalid
1304084.0,2022,Mumbai,2022-04-25,League,S Dhawan,"Wankhede Stadium, Mumbai",Punjab Kings,Chennai Super Kings,Chennai Super Kings,field,Punjab Kings,runs,11.0,188.0,20.0,N,,M Erasmus,Tapan Sharma
1304085.0,2022,Pune,2022-04-26,League,R Parag,"Maharashtra Cricket Association Stadium, Pune",Rajasthan Royals,Royal Challengers Bangalore,Royal Challengers Bangalore,field,Rajasthan Royals,runs,29.0,145.0,20.0,N,,BNJ Oxenford,KN Ananthapadmanabhan
1304086.0,2022,Mumbai,2022-04-27,League,Umran Malik,"Wankhede Stadium, Mumbai",Sunrisers Hyderabad,Gujarat Titans,Gujarat Titans,field,Gujarat Titans,wickets,5.0,196.0,20.0,N,,CB Gaffaney,Navdeep Singh
1304087.0,2022,Mumbai,2022-04-28,League,Kuldeep Yadav,"Wankhede Stadium, Mumbai",Kolkata Knight Riders,Delhi Capitals,Delhi Capitals,field,Delhi Capitals,wickets,4.0,147.0,20.0,N,,AK Chaudhary,PG Pathak
1304088.0,2022,Pune,2022-04-29,League,KH Pandya,"Maharashtra Cricket Association Stadium, Pune",Lucknow Super Giants,Punjab Kings,Punjab Kings,field,Lucknow Super Giants,runs,20.0,154.0,20.0,N,,MA Gough,UV Gandhe
1304089.0,2022,Mumbai,2022-04-30,League,R Tewatia,"Brabourne Stadium, Mumbai",Royal Challengers Bangalore,Gujarat Titans,Royal Challengers Bangalore,bat,Gujarat Titans,wickets,6.0,171.0,20.0,N,,HAS Khalid,VK Sharma
1304090.0,2022,Navi Mumbai,2022-04-30,League,SA Yadav,"Dr DY Patil Sports Academy, Mumbai",Rajasthan Royals,Mumbai Indians,Mumbai Indians,field,Mumbai Indians,wickets,5.0,159.0,20.0,N,,BNJ Oxenford,YC Barde
1304091.0,2022,Mumbai,2022-05-01,League,Mohsin Khan,"Wankhede Stadium, Mumbai",Lucknow Super Giants,Delhi Capitals,Lucknow Super Giants,bat,Lucknow Super Giants,runs,6.0,196.0,20.0,N,,Chirra Ravikanthreddy,CB Gaffaney
1304092.0,2022,Pune,2022-05-01,League,RD Gaikwad,"Maharashtra Cricket Association Stadium, Pune",Chennai Super Kings,Sunrisers Hyderabad,Sunrisers Hyderabad,field,Chennai Super Kings,runs,13.0,203.0,20.0,N,,AK Chaudhary,KN Ananthapadmanabhan
1304093.0,2022,Mumbai,2022-05-02,League,RK Singh,"Wankhede Stadium, Mumbai",Rajasthan Royals,Kolkata Knight Riders,Kolkata Knight Riders,field,,wickets,7.0,153.0,20.0,N,,J Madanagopal,N Pandit
1304094.0,2022,Navi Mumbai,2022-05-03,League,K Rabada,"Dr DY Patil Sports Academy, Mumbai",Gujarat Titans,Punjab Kings,Gujarat Titans,bat,Punjab Kings,wickets,8.0,144.0,20.0,N,,R Pandit,VK Sharma
1304095.0,2022,Pune,2022-05-04,League,HV Patel,"Maharashtra Cricket Association Stadium, Pune",Royal Challengers Bangalore,Chennai Super Kings,Chennai Super Kings,field,Royal Challengers Bangalore,runs,13.0,174.0,20.0,N,,KN Ananthapadmanabhan,MA Gough
1304096.0,2022,Mumbai,2022-05-05,League,DA Warner,"Brabourne Stadium, Mumbai",Delhi Capitals,Sunrisers Hyderabad,Sunrisers Hyderabad,field,Delhi Capitals,runs,21.0,208.0,20.0,N,,Navdeep Singh,NA Patwardhan
,,,,,,,,,,,,,,,,,,,
1304098.0,2022,Mumbai,2022-05-07,League,YBK Jaiswal,"Wankhede Stadium, Mumbai",Punjab Kings,Rajasthan Royals,Punjab Kings,bat,Rajasthan Royals,wickets,6.0,190.0,20.0,N,,Chirra Ravikanthreddy,YC Barde
1304099.0,2022,Pune,2022-05-07,League,Avesh Khan,"Maharashtra Cricket Association Stadium, Pune",Lucknow Super Giants,Kolkata Knight Riders,Kolkata Knight Riders,field,Lucknow Super Giants,runs,75.0,177.0,20.0,N,,AK Chaudhary,MA Gough
1304100.0,2022,Mumbai,2022-05-08,League,PWH de Silva,"Wankhede Stadium, Mumbai",Royal Challengers Bangalore,Sunrisers Hyderabad,Royal Challengers Bangalore,bat,Royal Challengers Bangalore,runs,67.0,193.0,20.0,N,,BNJ Oxenford,N Pandit
1304101.0,2022,Navi Mumbai,2022-05-08,League,DP Conway,"Dr DY Patil Sports Academy, Mumbai",Chennai Super Kings,Delhi Capitals,Delhi Capitals,field,Chennai Super Kings,runs,91.0,209.0,20.0,N,,Nitin Menon,R Pandit
1304102.0,2022,Navi Mumbai,2022-05-09,League,JJ Bumrah,"Dr DY Patil Sports Academy, Mumbai",Kolkata Knight Riders,Mumbai Indians,Mumbai Indians,field,Kolkata Knight Riders,runs,52.0,166.0,20.0,N,,CB Gaffaney,GR Sadashiv Iyer
1304103.0,2022,Pune,2022-05-10,League,Shubman Gill,"Maharashtra Cricket Association Stadium, Pune",Gujarat Titans,Lucknow Super Giants,Gujarat Titans,bat,Gujarat Titans,runs,62.0,145.0,20.0,N,,KN Ananthapadmanabhan,MA Gough
1304104.0,2022,Navi Mumbai,2022-05-11,League,MR Marsh,"Dr DY Patil Sports Academy, Mumbai",Rajasthan Royals,Delhi Capitals,Delhi Capitals,field,Delhi Capitals,wickets,8.0,161.0,20.0,N,,NA Patwardhan,Nitin Menon
1304105.0,2022,Mumbai,2022-05-12,League,DR Sams,"Wankhede Stadium, Mumbai",Chennai Super Kings,Mumbai Indians,Mumbai Indians,field,Mumbai Indians,wickets,5.0,98.0,20.0,N,,Chirra Ravikanthreddy,CB Gaffaney
1304106.0,2022,Mumbai,2022-05-13,League,JM Bairstow,"Brabourne Stadium, Mumbai",Punjab Kings,Royal Challengers Bangalore,Royal Challengers Bangalore,field,Punjab Kings,runs,54.0,210.0,20.0,N,,J Madanagopal,N Pandit
1304107.0,2022,Pune,2022-05-14,League,AD Russell,"Maharashtra Cricket Association Stadium, Pune",Kolkata Knight Riders,Sunrisers Hyderabad,Kolkata Knight Riders,bat,,runs,54.0,178.0,20.0,N,,AK Chaudhary,KN Ananthapadmanabhan
1304108.0,2022,Mumbai,2022-05-15,League,WP Saha,"Wankhede Stadium, Mumbai",Chennai Super Kings,Gujarat Titans,Chennai Super Kings,bat,Gujarat Titans,wickets,7.0,134.0,20.0,N,,R Pandit,VK Sharma
1304109.0,2022,Mumbai,2022-05-15,League,TA Boult,"Brabourne Stadium, Mumbai",Rajasthan Royals,Lucknow Super Giants,Rajasthan Royals,bat,Rajasthan Royals,runs,24.0,179.0,20.0,N,,PG Pathak,Tapan Sharma
1304110.0,2022,Navi Mumbai,2022-05-16,League,SN Thakur,"Dr DY Patil Sports Academy, Mumbai",Delhi Capitals,Punjab Kings,Punjab Kings,field,Delhi Capitals,runs,17.0,160.0,20.0,N,,GR Sadashiv Iyer,Nitin Menon
1304111.0,2022,Mumbai,2022-05-17,League,RA Tripathi,"Wankhede Stadium, Mumbai",Sunrisers Hyderabad,Mumbai Indians,Mumbai Indians,field,Sunrisers Hyderabad,runs,3.0,194.0,20.0,N,,CB Gaffaney,N Pandit
1304112.0,2022,Navi Mumbai,2022-05-18,League,Q de Kock,"Dr DY Patil Sports Academy, Mumbai",Lucknow Super Giants,Kolkata Knight Riders,Lucknow Super Giants,bat,Lucknow Super Giants,runs,2.0,211.0,20.0,N,,R Pandit,YC Barde
1304113.0,2022,Mumbai,2022-05-19,League,V Kohli,"Wankhede Stadium, Mumbai",Gujarat Titans,Royal Challengers Bangalore,Gujarat Titans,bat,Royal Challengers Bangalore,wickets,8.0,169.0,20.0,N,,KN Ananthapadmanabhan,GR Sadashiv Iyer
1304114.0,2022,Mumbai,2022-05-20,League,R Ashwin,"Brabourne Stadium, Mumbai",Chennai Super Kings,Rajasthan Royals,Chennai Super Kings,bat,Rajasthan Royals,wickets,5.0,151.0,20.0,N,,CB Gaffaney,NA Patwardhan
1304115.0,2022,Mumbai,2022-05-21,League,JJ Bumrah,"Wankhede Stadium, Mumbai",Delhi Capitals,Mumbai Indians,Mumbai Indians,field,Mumbai Indians,wickets,5.0,160.0,20.0,N,,Nitin Menon,Tapan Sharma
1304116.0,2022,Mumbai,2022-05-22,League,Harpreet Brar,"Wankhede Stadium, Mumbai",Sunrisers Hyderabad,Punjab Kings,Sunrisers Hyderabad,bat,Punjab Kings,wickets,5.0,158.0,20.0,N,,AK Chaudhary,NA Patwardhan
1312197.0,2022,Kolkata,2022-05-24,Qualifier 1,DA Miller,"Eden Gardens, Kolkata",Rajasthan Royals,Gujarat Titans,Gujarat Titans,field,Gujarat Titans,wickets,7.0,189.0,20.0,N,,BNJ Oxenford,VK Sharma
1312198.0,2022,Kolkata,2022-05-25,Eliminator,RM Patidar,"Eden Gardens, Kolkata",Royal Challengers Bangalore,Lucknow Super Giants,Lucknow Super Giants,field,Royal Challengers Bangalore,runs,14.0,208.0,20.0,N,,J Madanagopal,MA Gough
,,,,,,,,,,,,,,,,,,,
1312200.0,2022,Ahmedabad,2022-05-29,Final,HH Pandya,"Narendra Modi Stadium, Ahmedabad",Rajasthan Royals,Gujarat Titans,Rajasthan Royals,bat,Gujarat Titans,wickets,7.0,131.0,20.0,N,,CB Gaffaney,Nitin Menon
1359475.0,2023,Ahmedabad,2023-03-31,League,Rashid Khan,"Narendra Modi Stadium, Ahmedabad",Chennai Super Kings,Gujarat Titans,Gujarat Titans,field,Gujarat Titans,wickets,5.0,179.0,20.0,N,,Nitin Menon,HAS Khalid
1359476.0,2023,Chandigarh,2023-04-01,League,Arshdeep Singh,"Punjab Cricket Association IS Bindra Stadium, Mohali, Chandigarh",Punjab Kings,Kolkata Knight Riders,Kolkata Knight Riders,field,Punjab Kings,runs,7.0,154.0,16.0,N,D/L,BNJ Oxenford,YC Barde
1359477.0,2023,UnknownCity,2023-04-01,League,MA Wood,"Bharat Ratna Shri Atal Bihari Vajpayee Ekana Cricket Stadium, Lucknow",Lucknow Super Giants,Delhi Capitals,Delhi Capitals,field,Lucknow Super Giants,runs,50.0,194.0,20.0,N,,AK Chaudhary,NA Patwardhan
1359478.0,2023,Hyderabad,2023-04-02,League,JC Buttler,"Rajiv Gandhi International Stadium, Uppal, Hyderabad",Rajasthan Royals,Sunrisers Hyderabad,Sunrisers Hyderabad,field,Rajasthan Royals,runs,72.0,204.0,20.0,N,,KN Ananthapadmanabhan,R Pandit
1359479.0,2023,Bengaluru,2023-04-02,League,F du Plessis,"M Chinnaswamy Stadium, Bengaluru",Mumbai Indians,Royal Challengers Bangalore,Royal Challengers Bangalore,field,Royal Challengers Bangalore,wickets,8.0,172.0,20.0,N,,Nitin Menon,Tapan Sharma
1359480.0,2023,Chennai,2023-04-03,League,MM Ali,"MA Chidambaram Stadium, Chepauk, Chennai",Chennai Super Kings,Lucknow Super Giants,Lucknow Super Giants,field,Chennai Super Kings,runs,12.0,218.0,20.0,N,,A Totre,BNJ Oxenford
1359481.0,2023,Delhi,2023-04-04,League,B Sai Sudharsan,"Arun Jaitley Stadium, Delhi",Delhi Capitals,Gujarat Titans,Gujarat Titans,field,Gujarat Titans,wickets,6.0,163.0,20.0,N,,A Nand Kishore,GR Sadashiv Iyer
1359482.0,2023,Guwahati,2023-04-05,League,NT Ellis,"Barsapara Cricket Stadium, Guwahati",Punjab Kings,Rajasthan Royals,Rajasthan Royals,field,Punjab Kings,runs,5.0,198.0,20.0,N,,KN Ananthapadmanabhan,MV Saidharshan Kumar
1359483.0,2023,Kolkata,2023-04-06,League,SN Thakur,"Eden Gardens, Kolkata",Kolkata Knight Riders,Royal Challengers Bangalore,Royal Challengers Bangalore,field,Kolkata Knight Riders,runs,81.0,205.0,20.0,N,,Vinod Seshan,VK Sharma
1359484.0,2023,Lucknow,2023-04-07,League,KH Pandya,"Bharat Ratna Shri Atal Bihari Vajpayee Ekana Cricket Stadium, Lucknow",Sunrisers Hyderabad,Lucknow Super Giants,Sunrisers Hyderabad,bat,Lucknow Super Giants,wickets,5.0,122.0,20.0,N,,J Madanagopal,YC Barde
1359485.0,2023,Guwahati,2023-04-08,League,YBK Jaiswal,"Barsapara Cricket Stadium, Guwahati",Rajasthan Royals,Delhi Capitals,Delhi Capitals,field,Rajasthan Royals,runs,57.0,200.0,20.0,N,,Navdeep Singh,MV Saidharshan Kumar
1359486.0,2023,Mumbai,2023-04-08,League,RA Jadeja,"Wankhede Stadium, Mumbai",Mumbai Indians,Chennai Super Kings,Chennai Super Kings,field,,wickets,7.0,158.0,20.0,N,,CB Gaffaney,NA Patwardhan
1359487.0,2023,Ahmedabad,2023-04-09,League,RK Singh,"Narendra Modi Stadium, Ahmedabad",Gujarat Titans,Kolkata Knight Riders,Gujarat Titans,bat,Kolkata Knight Riders,wickets,3.0,205.0,20.0,N,,Nitin Menon,Tapan Sharma
1359488.0,2023,Hyderabad,2023-04-09,League,S Dhawan,"Rajiv Gandhi International Stadium, Uppal, Hyderabad",Punjab Kings,Sunrisers Hyderabad,Sunrisers Hyderabad,field,,wickets,8.0,144.0,20.0,N,,BNJ Oxenford,UV Gandhe
1359489.0,2023,Bengaluru,2023-04-10,League,N Pooran,"M Chinnaswamy Stadium, Bengaluru",Royal Challengers Bangalore,Lucknow Super Giants,Lucknow Super Giants,field,Lucknow Super Giants,wickets,1.0,213.0,20.0,N,,AK Chaudhary,A Nand Kishore
1359490.0,2023,Delhi,2023-04-11,League,RG Sharma,"Arun Jaitley Stadium, Delhi",Delhi Capitals,Mumbai Indians,Mumbai Indians,field,,wickets,6.0,173.0,20.0,N,,MA Gough,R Pandit
1359491.0,2023,Chennai,2023-04-12,League,R Ashwin,"MA Chidambaram Stadium, Chepauk, Chennai",Rajasthan Royals,Chennai Super Kings,Chennai Super Kings,field,Rajasthan Royals,runs,3.0,176.0,20.0,N,,Vinod Seshan,VK Sharma
1359492.0,2023,Chandigarh,2023-04-13,League,MM Sharma,"Punjab Cricket Association IS Bindra Stadium, Mohali, Chandigarh",Punjab Kings,Gujarat Titans,Gujarat Titans,field,Gujarat Titans,wickets,6.0,154.0,20.0,N,,A Totre,J Madanagopal
1359493.0,2023,Kolkata,2023-04-14,League,HC Brook,"Eden Gardens, Kolkata",Sunrisers Hyderabad,Kolkata Knight Riders,Kolkata Knight Riders,field,Sunrisers Hyderabad,runs,23.0,229.0,20.0,N,,CB Gaffaney,GR Sadashiv Iyer
1359494.0,2023,Bengaluru,2023-04-15,League,V Kohli,"M Chinnaswamy Stadium, Bengaluru",Royal Challengers Bangalore,Delhi Capitals,Delhi Capitals,field,Royal Challengers Bangalore,runs,23.0,175.0,20.0,N,,KN Ananthapadmanabhan,MV Saidharshan Kumar
1359495.0,2023,Lucknow,2023-04-15,League,Sikandar Raza,"Bharat Ratna Shri Atal Bihari Vajpayee Ekana Cricket Stadium, Lucknow",Lucknow Super Giants,Punjab Kings,Punjab Kings,field,Punjab Kings,wickets,2.0,160.0,20.0,N,,HAS Khalid,VK Sharma
1359496.0,2023,Mumbai,2023-04-16,League,VR Iyer,"Wankhede Stadium, Mumbai",Kolkata Knight Riders,Mumbai Indians,Mumbai Indians,field,,wickets,5.0,186.0,20.0,N,,BNJ Oxenford,UV Gandhe
1359497.0,2023,Ahmedabad,2023-04-16,League,SO Hetmyer,"Narendra Modi Stadium, Ahmedabad",Gujarat Titans,Rajasthan Royals,Rajasthan Royals,field,Rajasthan Royals,wickets,3.0,178.0,20.0,N,,AK Chaudhary,CB Gaffaney
1359498.0,2023,Bengaluru,2023-04-17,League,DP Conway,"M Chinnaswamy Stadium, Bengaluru",Chennai Super Kings,Royal Challengers Bangalore,Royal Challengers Bangalore,field,Chennai Super Kings,runs,8.0,227.0,20.0,N,,KN Ananthapadmanabhan,Navdeep Singh
1359499.0,2023,Hyderabad,2023-04-18,League,C Green,"Rajiv Gandhi International Stadium, Uppal, Hyderabad",Mumbai Indians,Sunrisers Hyderabad,Sunrisers Hyderabad,field,Mumbai Indians,runs,14.0,193.0,20.0,N,,Nitin Menon,Vinod Seshan
1359500.0,2023,Jaipur,2023-04-19,League,MP Stoinis,"Sawai Mansingh Stadium, Jaipur",Lucknow Super Giants,Rajasthan Royals,Rajasthan Royals,field,Lucknow Super Giants,runs,10.0,155.0,20.0,N,,J Madanagopal,YC Barde
1359501.0,2023,Chandigarh,2023-04-20,League,Mohammed Siraj,"Punjab Cricket Association IS Bindra Stadium, Mohali, Chandigarh",Royal Challengers Bangalore,Punjab Kings,Punjab Kings,field,Royal Challengers Bangalore,runs,24.0,175.0,20.0,N,,AK Chaudhary,GR Sadashiv Iyer
1359502.0,2023,Delhi,2023-04-20,League,I Sharma,"Arun Jaitley Stadium, Delhi",Kolkata Knight Riders,Delhi Capitals,Delhi Capitals,field,Delhi Capitals,wickets,4.0,128.0,20.0,N,,MA Gough,R Pandit
1359503.0,2023,Chennai,2023-04-21,League,RA Jadeja,"MA Chidambaram Stadium, Chepauk, Chennai",Sunrisers Hyderabad,Chennai Super Kings,Chennai Super Kings,field,Chennai Super Kings,wickets,7.0,135.0,20.0,N,,HAS Khalid,VK Sharma
1359504.0,2023,Lucknow,2023-04-22,League,MM Sharma,"Bharat Ratna Shri Atal Bihari Vajpayee Ekana Cricket Stadium, Lucknow",Gujarat Titans,Lucknow Super Giants,Gujarat Titans,bat,,runs,7.0,136.0,20.0,N,,A Totre,RJ Tucker
1359505.0,2023,Mumbai,2023-04-22,League,SM Curran,"Wankhede Stadium, Mumbai",Punjab Kings,Mumbai Indians,Mumbai Indians,field,Punjab Kings,runs,13.0,215.0,20.0,N,,CB Gaffaney,GR Sadashiv Iyer
1359506.0,2023,Bengaluru,2023-04-23,League,GJ Maxwell,"M Chinnaswamy Stadium, Bengaluru",Royal Challengers Bangalore,Rajasthan Royals,Rajasthan Royals,field,Royal Challengers Bangalore,runs,7.0,190.0,20.0,N,,MA Gough,MV Saidharshan Kumar
1359507.0,2023,Kolkata,2023-04-23,League,AM Rahane,"Eden Gardens, Kolkata",Chennai Super Kings,Kolkata Knight Riders,Kolkata Knight Riders,field,Chennai Super Kings,runs,49.0,236.0,20.0,N,,Nitin Menon,Tapan Sharma
1359508.0,2023,Hyderabad,2023-04-24,League,AR Patel,"Rajiv Gandhi International Stadium, Uppal, Hyderabad",Delhi Capitals,Sunrisers Hyderabad,Delhi Capitals,bat,,runs,7.0,145.0,20.0,N,,J Madanagopal,RJ Tucker
1359509.0,2023,UnknownCity,2023-04-25,League,A Manohar,"Narendra Modi Stadium, Ahmedabad",Gujarat Titans,Mumbai Indians,Mumbai Indians,field,,runs,55.0,208.0,20.0,N,,AK Chaudhary,A Nand Kishore
,,,,,,,,,,,,,,,,,,,
1359511.0,2023,Jaipur,2023-04-27,League,YBK Jaiswal,"Sawai Mansingh Stadium, Jaipur",Rajasthan Royals,Chennai Super Kings,Rajasthan Royals,bat,Rajasthan Royals,runs,32.0,203.0,20.0,N,,A Totre,YC Barde
1359512.0,2023,Chandigarh,2023-04-28,League,MP Stoinis,"Punjab Cricket Association IS Bindra Stadium, Mohali, Chandigarh",Lucknow Super Giants,Punjab Kings,Punjab Kings,field,,runs,56.0,258.0,20.0,N,,Nitin Menon,Vinod Seshan
1359513.0,2023,Kolkata,2023-04-29,League,J Little,"Eden Gardens, Kolkata",Kolkata Knight Riders,Gujarat Titans,Gujarat Titans,field,,wickets,7.0,180.0,20.0,N,,NA Patwardhan,GR Sadashiv Iyer
1359514.0,2023,Delhi,2023-04-29,League,MR Marsh,"Arun Jaitley Stadium, Delhi",Sunrisers Hyderabad,Delhi Capitals,Sunrisers Hyderabad,bat,Sunrisers Hyderabad,runs,9.0,198.0,20.0,N,,MA Gough,Navdeep Singh
1359515.0,2023,Chennai,2023-04-30,League,DP Conway,"MA Chidambaram Stadium, Chepauk, Chennai",Chennai Super Kings,Punjab Kings,Chennai Super Kings,bat,Punjab Kings,wickets,4.0,201.0,20.0,N,,RJ Tucker,UV Gandhe
1359516.0,2023,Mumbai,2023-04-30,League,YBK Jaiswal,"Wankhede Stadium, Mumbai",Rajasthan Royals,Mumbai Indians,Rajasthan Royals,bat,Mumbai Indians,wickets,6.0,213.0,20.0,N,,Vinod Seshan,VK Sharma
1359517.0,2023,Lucknow,2023-05-01,League,F du Plessis,"Bharat Ratna Shri Atal Bihari Vajpayee Ekana Cricket Stadium, Lucknow",Royal Challengers Bangalore,Lucknow Super Giants,Royal Challengers Bangalore,bat,Royal Challengers Bangalore,runs,18.0,127.0,20.0,N,,AK Chaudhary,GR Sadashiv Iyer
1359518.0,2023,Ahmedabad,2023-05-02,League,Mohammed Shami,"Narendra Modi Stadium, Ahmedabad",Delhi Capitals,Gujarat Titans,Delhi Capitals,bat,Delhi Capitals,runs,5.0,131.0,20.0,N,,MA Gough,R Pandit
1359519.0,2023,Lucknow,2023-05-03,League,,"Bharat Ratna Shri Atal Bihari Vajpayee Ekana Cricket Stadium, Lucknow",Lucknow Super Giants,Chennai Super Kings,Chennai Super Kings,field,,no result,,,,N,,AK Chaudhary,NA Patwardhan
1359520.0,2023,Chandigarh,2023-05-03,League,Ishan Kishan,"Punjab Cricket Association IS Bindra Stadium, Mohali, Chandigarh",Punjab Kings,Mumbai Indians,Mumbai Indians,field,Mumbai Indians,wickets,6.0,215.0,20.0,N,,J Madanagopal,RJ Tucker
1359521.0,2023,Hyderabad,2023-05-04,League,CV Varun,"Rajiv Gandhi International Stadium, Uppal, Hyderabad",Kolkata Knight Riders,Sunrisers Hyderabad,Kolkata Knight Riders,bat,Kolkata Knight Riders,runs,5.0,172.0,20.0,N,,KN Ananthapadmanabhan,MA Gough
,,,,,,,,,,,,,,,,,,,
1359523.0,2023,Chennai,2023-05-06,League,M Pathirana,"MA Chidambaram Stadium, Chepauk, Chennai",Mumbai Indians,Chennai Super Kings,Chennai Super Kings,field,,wickets,6.0,140.0,20.0,N,,BNJ Oxenford,Navdeep Singh
1359524.0,2023,Delhi,2023-05-06,League,PD Salt,"Arun Jaitley Stadium, Delhi",Royal Challengers Bangalore,Delhi Capitals,Royal Challengers Bangalore,bat,Delhi Capitals,wickets,7.0,182.0,20.0,N,,RJ Tucker,YC Barde
1359525.0,2023,Ahmedabad,2023-05-07,League,Shubman Gill,"Narendra Modi Stadium, Ahmedabad",Gujarat Titans,Lucknow Super Giants,Lucknow Super Giants,field,Gujarat Titans,runs,56.0,228.0,20.0,N,,AK Chaudhary,A Nand Kishore
1359526.0,2023,Jaipur,2023-05-07,League,GD Phillips,"Sawai Mansingh Stadium, Jaipur",Rajasthan Royals,Sunrisers Hyderabad,Rajasthan Royals,bat,Sunrisers Hyderabad,wickets,4.0,215.0,20.0,N,,Nitin Menon,Vinod Seshan
1359527.0,2023,Kolkata,2023-05-08,League,AD Russell,"Eden Gardens, Kolkata",Punjab Kings,Kolkata Knight Riders,Punjab Kings,bat,Kolkata Knight Riders,wickets,5.0,180.0,20.0,N,,A Totre,J Madanagopal
1359528.0,2023,Mumbai,2023-05-09,League,SA Yadav,"Wankhede Stadium, Mumbai",Royal Challengers Bangalore,Mumbai Indians,Mumbai Indians,field,Mumbai Indians,wickets,6.0,200.0,20.0,N,,HAS Khalid,VK Sharma
1359529.0,2023,Chennai,2023-05-10,League,RA Jadeja,"MA Chidambaram Stadium, Chepauk, Chennai",Chennai Super Kings,Delhi Capitals,Chennai Super Kings,bat,Chennai Super Kings,runs,27.0,168.0,20.0,N,,CB Gaffaney,NA Patwardhan
1359530.0,2023,Kolkata,2023-05-11,League,YBK Jaiswal,"Eden Gardens, Kolkata",Kolkata Knight Riders,Rajasthan Royals,Rajasthan Royals,field,Rajasthan Royals,wickets,9.0,150.0,20.0,N,,RJ Tucker,MV Saidharshan Kumar
1359531.0,2023,Mumbai,2023-05-12,League,SA Yadav,"Wankhede Stadium, Mumbai",Mumbai Indians,Gujarat Titans,Gujarat Titans,field,Mumbai Indians,runs,27.0,219.0,20.0,N,,Nitin Menon,Tapan Sharma
1359532.0,2023,Hyderabad,2023-05-13,League,PN Mankad,"Rajiv Gandhi International Stadium, Uppal, Hyderabad",Sunrisers Hyderabad,Lucknow Super Giants,Sunrisers Hyderabad,bat,,wickets,7.0,183.0,20.0,N,,A Totre,J Madanagopal
1359533.0,2023,Delhi,2023-05-13,League,P Simran Singh,"Arun Jaitley Stadium, Delhi",Punjab Kings,Delhi Capitals,Delhi Capitals,field,Punjab Kings,runs,31.0,168.0,20.0,N,,CB Gaffaney,NA Patwardhan
1359534.0,2023,Jaipur,2023-05-14,League,WD Parnell,"Sawai Mansingh Stadium, Jaipur",Royal Challengers Bangalore,Rajasthan Royals,Royal Challengers Bangalore,bat,Royal Challengers Bangalore,runs,112.0,172.0,20.0,N,,KN Ananthapadmanabhan,Navdeep Singh
1359535.0,2023,Chennai,2023-05-14,League,RK Singh,"MA Chidambaram Stadium, Chepauk, Chennai",Chennai Super Kings,Kolkata Knight Riders,Chennai Super Kings,bat,Kolkata Knight Riders,wickets,6.0,145.0,20.0,N,,Tapan Sharma,Vinod Seshan
1359536.0,2023,Ahmedabad,2023-05-15,League,Shubman Gill,"Narendra Modi Stadium, Ahmedabad",Gujarat Titans,Sunrisers Hyderabad,Sunrisers Hyderabad,field,XYZ Team,runs,34.0,189.0,20.0,N,,J Madanagopal,UV Gandhe
1359537.0,2023,Lucknow,2023-05-16,League,MP Stoinis,"Bharat Ratna Shri Atal Bihari Vajpayee Ekana Cricket Stadium, Lucknow",Lucknow Super Giants,Mumbai Indians,Mumbai Indians,field,Lucknow Super Giants,runs,5.0,178.0,20.0,N,,AK Chaudhary,A Nand Kishore
1359538.0,2023,Dharamsala,2023-05-17,League,RR Rossouw,"Himachal Pradesh Cricket Association Stadium, Dharamsala",Delhi Capitals,Punjab Kings,Punjab Kings,field,Delhi Capitals,runs,15.0,214.0,20.0,N,,KN Ananthapadmanabhan,MV Saidharshan Kumar
1359539.0,2023,UnknownCity,2023-05-18,League,V Kohli,"Rajiv Gandhi International Stadium, Uppal, Hyderabad",Sunrisers Hyderabad,Royal Challengers Bangalore,Royal Challengers Bangalore,field,Royal Challengers Bangalore,wickets,8.0,187.0,20.0,N,,BNJ Oxenford,VK Sharma
1359540.0,2023,Dharamsala,2023-05-19,League,D Padikkal,"Himachal Pradesh Cricket Association Stadium, Dharamsala",Punjab Kings,Rajasthan Royals,Rajasthan Royals,field,Rajasthan Royals,wickets,4.0,188.0,20.0,N,,A Nand Kishore,RJ Tucker
1359541.0,2023,Delhi,2023-05-20,League,RD Gaikwad,"Arun Jaitley Stadium, Delhi",Chennai Super Kings,Delhi Capitals,Chennai Super Kings,bat,Chennai Super Kings,runs,77.0,224.0,20.0,N,,CB Gaffaney,NA Patwardhan
1359542.0,2023,Kolkata,2023-05-20,League,N Pooran,"Eden Gardens, Kolkata",Lucknow Super Giants,Kolkata Knight Riders,Kolkata Knight Riders,field,Lucknow Super Giants,runs,1.0,177.0,20.0,N,,J Madanagopal,UV Gandhe
1359543.0,2023,Mumbai,2023-05-21,League,C Green,"Wankhede Stadium, Mumbai",Sunrisers Hyderabad,Mumbai Indians,Mumbai Indians,field,Mumbai Indians,wickets,8.0,201.0,20.0,N,,KN Ananthapadmanabhan,RJ Tucker
1359544.0,2023,Bengaluru,2023-05-21,League,Shubman Gill,"M Chinnaswamy Stadium, Bengaluru",Royal Challengers Bangalore,Gujarat Titans,Gujarat Titans,field,,wickets,6.0,198.0,20.0,N,,Nitin Menon,VK Sharma
1370350.0,2023,Chennai,2023-05-23,Qualifier 1,RD Gaikwad,"MA Chidambaram Stadium, Chepauk, Chennai",Chennai Super Kings,Gujarat Titans,Gujarat Titans,field,Chennai Super Kings,runs,15.0,173.0,20.0,N,,AK Chaudhary,CB Gaffaney
1370351.0,2023,Chennai,2023-05-24,Eliminator,Akash Madhwal,"MA Chidambaram Stadium, Chepauk, Chennai",Mumbai Indians,Lucknow Super Giants,Mumbai Indians,bat,Mumbai Indians,runs,81.0,183.0,20.0,N,,BNJ Oxenford,VK Sharma
1370352.0,2023,Ahmedabad,2023-05-26,Qualifier 2,Shubman Gill,"Narendra Modi Stadium, Ahmedabad",Gujarat Titans,Mumbai Indians,Mumbai Indians,field,Gujarat Titans,runs,62.0,234.0,20.0,N,,Nitin Menon,RJ Tucker
1370353.0,2023,Ahmedabad,2023-05-29,Final,DP Conway,"Narendra Modi Stadium, Ahmedabad",Gujarat Titans,Chennai Super Kings,Chennai Super Kings,field,Chennai Super Kings,wickets,5.0,171.0,15.0,N,D/L,Nitin Menon,RJ Tucker
1422119.0,2024,Chennai,2024-03-22,League,Mustafizur Rahman,"MA Chidambaram Stadium, Chepauk, Chennai",Royal Challengers Bengaluru,Chennai Super Kings,Royal Challengers Bengaluru,bat,Chennai Super Kings,wickets,6.0,174.0,20.0,N,,HAS Khalid,VK Sharma
1422120.0,2024,Mohali,2024-03-23,League,SM Curran,"Maharaja Yadavindra Singh International Cricket Stadium, Mullanpur",Delhi Capitals,Punjab Kings,Punjab Kings,field,Punjab Kings,wickets,4.0,175.0,20.0,N,,J Madanagopal,NA Patwardhan
1422121.0,2024,Kolkata,2024-03-23,League,AD Russell,"Eden Gardens, Kolkata",Kolkata Knight Riders,Sunrisers Hyderabad,Sunrisers Hyderabad,field,Kolkata Knight Riders,runs,4.0,209.0,20.0,N,,R Pandit,YC Barde
,,,,,,,,,,,,,,,,,,,
1422123.0,2024,Ahmedabad,2024-03-24,League,B Sai Sudharsan,"Narendra Modi Stadium, Ahmedabad",Gujarat Titans,Mumbai Indians,Mumbai Indians,field,Gujarat Titans,runs,6.0,169.0,20.0,N,,VA Kulkarni,VK Sharma
1422124.0,2024,Bengaluru,2024-03-25,League,V Kohli,"M Chinnaswamy Stadium, Bengaluru",Punjab Kings,Royal Challengers Bengaluru,Royal Challengers Bengaluru,field,Royal Challengers Bengaluru,wickets,4.0,177.0,20.0,N,,AK Chaudhary,MV Saidharshan Kumar
1422125.0,2024,Chennai,2024-03-26,League,S Dube,"MA Chidambaram Stadium, Chepauk, Chennai",Chennai Super Kings,Gujarat Titans,Gujarat Titans,field,Chennai Super Kings,runs,63.0,207.0,20.0,N,,AG Wharf,Tapan Sharma
1422126.0,2024,Hyderabad,2024-03-27,League,Abhishek Sharma,"Rajiv Gandhi International Stadium, Uppal, Hyderabad",Sunrisers Hyderabad,Mumbai Indians,Mumbai Indians,field,Sunrisers Hyderabad,runs,31.0,278.0,20.0,N,,KN Ananthapadmanabhan,UV Gandhe
1422127.0,2024,Jaipur,2024-03-28,League,R Parag,"Sawai Mansingh Stadium, Jaipur",Rajasthan Royals,Delhi Capitals,Delhi Capitals,field,Rajasthan Royals,runs,12.0,186.0,20.0,N,,A Nand Kishore,Nitin Menon
1422128.0,2024,Bengaluru,2024-03-29,League,SP Narine,"M Chinnaswamy Stadium, Bengaluru",Royal Challengers Bengaluru,Kolkata Knight Riders,Kolkata Knight Riders,field,Kolkata Knight Riders,wickets,7.0,183.0,20.0,N,,AK Chaudhary,R Pandit
1422129.0,2024,Lucknow,2024-03-30,League,MP Yadav,"Bharat Ratna Shri Atal Bihari Vajpayee Ekana Cricket Stadium, Lucknow",Lucknow Super Giants,Punjab Kings,Lucknow Super Giants,bat,Lucknow Super Giants,runs,21.0,200.0,20.0,N,,J Madanagopal,Navdeep Singh
1422130.0,2024,Ahmedabad,2024-03-31,League,MM Sharma,"Narendra Modi Stadium, Ahmedabad",Sunrisers Hyderabad,Gujarat Titans,Sunrisers Hyderabad,bat,Gujarat Titans,wickets,7.0,163.0,20.0,N,,HAS Khalid,VK Sharma
1422131.0,2024,Visakhapatnam,2024-03-31,League,KK Ahmed,"Dr. Y.S. Rajasekhara Reddy ACA-VDCA Cricket Stadium, Visakhapatnam",Delhi Capitals,Chennai Super Kings,Delhi Capitals,bat,Delhi Capitals,runs,20.0,192.0,20.0,N,,HDPK Dharmasena,Vinod Seshan
,,,,,,,,,,,,,,,,,,,
1422133.0,2024,Bengaluru,2024-04-02,League,MP Yadav,"M Chinnaswamy Stadium, Bengaluru",Lucknow Super Giants,Royal Challengers Bengaluru,Royal Challengers Bengaluru,field,Lucknow Super Giants,runs,28.0,182.0,20.0,N,,J Madanagopal,NA Patwardhan
1422134.0,2024,Visakhapatnam,2024-04-03,League,SP Narine,"Dr. Y.S. Rajasekhara Reddy ACA-VDCA Cricket Stadium, Visakhapatnam",Kolkata Knight Riders,Delhi Capitals,Kolkata Knight Riders,bat,Kolkata Knight Riders,runs,106.0,273.0,20.0,N,,A Totre,UV Gandhe
1422135.0,2024,Ahmedabad,2024-04-04,League,Shashank Singh,"Narendra Modi Stadium, Ahmedabad",Gujarat Titans,Punjab Kings,Punjab Kings,field,Punjab Kings,wickets,3.0,200.0,20.0,N,,Nitin Menon,VA Kulkarni
1422136.0,2024,Hyderabad,2024-04-05,League,Abhishek Sharma,"Rajiv Gandhi International Stadium, Uppal, Hyderabad",Chennai Super Kings,Sunrisers Hyderabad,Sunrisers Hyderabad,field,Sunrisers Hyderabad,wickets,6.0,166.0,20.0,N,,R Pandit,YC Barde
1422137.0,2024,Jaipur,2024-04-06,League,JC Buttler,"Sawai Mansingh Stadium, Jaipur",Royal Challengers Bengaluru,Rajasthan Royals,Rajasthan Royals,field,Rajasthan Royals,wickets,6.0,184.0,20.0,N,,AG Wharf,Tapan Sharma
1422138.0,2024,Mumbai,2024-04-07,League,R Shepherd,"Wankhede Stadium, Mumbai",Mumbai Indians,Delhi Capitals,Delhi Capitals,field,Mumbai Indians,runs,29.0,235.0,20.0,N,,HDPK Dharmasena,UV Gandhe
1422139.0,2024,Lucknow,2024-04-07,League,Yash Thakur,"Bharat Ratna Shri Atal Bihari Vajpayee Ekana Cricket Stadium, Lucknow",Lucknow Super Giants,Gujarat Titans,Lucknow Super Giants,bat,Lucknow Super Giants,runs,33.0,164.0,20.0,N,,A Nand Kishore,VK Sharma
1426260.0,2024,UnknownCity,2024-04-08,League,RA Jadeja,"MA Chidambaram Stadium, Chepauk, Chennai",Kolkata Knight Riders,Chennai Super Kings,Chennai Super Kings,field,Chennai Super Kings,wickets,7.0,138.0,20.0,N,,AK Chaudhary,MV Saidharshan Kumar
1426261.0,2024,Mohali,2024-04-09,League,Nithish Kumar Reddy,"Maharaja Yadavindra Singh International Cricket Stadium, Mullanpur",Sunrisers Hyderabad,Punjab Kings,Punjab Kings,field,Sunrisers Hyderabad,runs,2.0,183.0,20.0,N,,Navdeep Singh,NA Patwardhan
1426262.0,2024,Jaipur,2024-04-10,League,Rashid Khan,"Sawai Mansingh Stadium, Jaipur",Rajasthan Royals,Gujarat Titans,Gujarat Titans,field,Gujarat Titans,wickets,3.0,197.0,20.0,N,,HDPK Dharmasena,Vinod Seshan
1426263.0,2024,Mumbai,2024-04-11,League,JJ Bumrah,"Wankhede Stadium, Mumbai",Royal Challengers Bengaluru,Mumbai Indians,Mumbai Indians,field,,wickets,7.0,197.0,20.0,N,,Nitin Menon,VA Kulkarni
1426264.0,2024,Lucknow,2024-04-12,League,Kuldeep Yadav,"Bharat Ratna Shri Atal Bihari Vajpayee Ekana Cricket Stadium, Lucknow",Lucknow Super Giants,Delhi Capitals,Lucknow Super Giants,bat,Delhi Capitals,wickets,6.0,168.0,20.0,N,,R Pandit,YC Barde
1426265.0,2024,Mohali,2024-04-13,League,SO Hetmyer,"Maharaja Yadavindra Singh International Cricket Stadium, Mullanpur",Punjab Kings,Rajasthan Royals,Rajasthan Royals,field,Rajasthan Royals,wickets,3.0,148.0,20.0,N,,AK Chaudhary,Tapan Sharma
1426266.0,2024,Kolkata,2024-04-14,League,PD Salt,"Eden Gardens, Kolkata",Lucknow Super Giants,Kolkata Knight Riders,Kolkata Knight Riders,field,Kolkata Knight Riders,wickets,8.0,162.0,20.0,N,,A Totre,Vinod Seshan
1426267.0,2024,Mumbai,2024-04-14,League,M Pathirana,"Wankhede Stadium, Mumbai",Chennai Super Kings,Mumbai Indians,Mumbai Indians,field,Chennai Super Kings,runs,20.0,207.0,20.0,N,,Nitin Menon,HAS Khalid
1426268.0,2024,Bengaluru,2024-04-15,League,TM Head,"M Chinnaswamy Stadium, Bengaluru",Sunrisers Hyderabad,Royal Challengers Bengaluru,Royal Challengers Bengaluru,field,Sunrisers Hyderabad,runs,25.0,288.0,20.0,N,,AK Chaudhary,R Pandit
1426269.0,2024,Kolkata,2024-04-16,League,JC Buttler,"Eden Gardens, Kolkata",Kolkata Knight Riders,Rajasthan Royals,Rajasthan Royals,field,Rajasthan Royals,wickets,2.0,224.0,20.0,N,,MA Gough,UV Gandhe
1426270.0,2024,Ahmedabad,2024-04-17,League,RR Pant,"Narendra Modi Stadium, Ahmedabad",Gujarat Titans,Delhi Capitals,Delhi Capitals,field,Delhi Capitals,wickets,6.0,90.0,20.0,N,,NA Patwardhan,VK Sharma
1426271.0,2024,Mohali,2024-04-18,League,JJ Bumrah,"Maharaja Yadavindra Singh International Cricket Stadium, Mullanpur",Mumbai Indians,Punjab Kings,Punjab Kings,field,Mumbai Indians,runs,9.0,193.0,20.0,N,,A Nand Kishore,VA Kulkarni
1426272.0,2024,Lucknow,2024-04-19,League,KL Rahul,"Bharat Ratna Shri Atal Bihari Vajpayee Ekana Cricket Stadium, Lucknow",Chennai Super Kings,Lucknow Super Giants,Lucknow Super Giants,field,Lucknow Super Giants,wickets,8.0,177.0,20.0,N,,AK Chaudhary,R Pandit
1426273.0,2024,Delhi,2024-04-20,League,TM Head,"Arun Jaitley Stadium, Delhi",Sunrisers Hyderabad,Delhi Capitals,Delhi Capitals,field,Sunrisers Hyderabad,runs,67.0,267.0,20.0,N,,J Madanagopal,Navdeep Singh
1426274.0,2024,Kolkata,2024-04-21,League,AD Russell,"Eden Gardens, Kolkata",Kolkata Knight Riders,Royal Challengers Bengaluru,Royal Challengers Bengaluru,field,Kolkata Knight Riders,runs,1.0,223.0,20.0,N,,A Totre,Vinod Seshan
1426275.0,2024,Mohali,2024-04-21,League,R Sai Kishore,"Maharaja Yadavindra Singh International Cricket Stadium, Mullanpur",Punjab Kings,Gujarat Titans,Punjab Kings,bat,Gujarat Titans,wickets,3.0,143.0,20.0,N,,A Nand Kishore,VA Kulkarni
1426276.0,2024,Jaipur,2024-04-22,League,Sandeep Sharma,"Sawai Mansingh Stadium, Jaipur",Mumbai Indians,Rajasthan Royals,Mumbai Indians,bat,Rajasthan Royals,wickets,9.0,180.0,20.0,N,,AK Chaudhary,MV Saidharshan Kumar
1426277.0,2024,Chennai,2024-04-23,League,MP Stoinis,"MA Chidambaram Stadium, Chepauk, Chennai",Chennai Super Kings,Lucknow Super Giants,Lucknow Super Giants,field,Lucknow Super Giants,wickets,6.0,211.0,20.0,N,,NA Patwardhan,Tapan Sharma
1426278.0,2024,Delhi,2024-04-24,League,RR Pant,"Arun Jaitley Stadium, Delhi",Delhi Capitals,Gujarat Titans,Gujarat Titans,field,Delhi Capitals,runs,4.0,225.0,20.0,N,,KN Ananthapadmanabhan,UV Gandhe
1426279.0,2024,Hyderabad,2024-04-25,League,RM Patidar,"Rajiv Gandhi International Stadium, Uppal, Hyderabad",Royal Challengers Bengaluru,Sunrisers Hyderabad,Royal Challengers Bengaluru,bat,Royal Challengers Bengaluru,runs,35.0,207.0,20.0,N,,Nitin Menon,HAS Khalid
1426280.0,2024,Kolkata,2024-04-26,League,JM Bairstow,"Eden Gardens, Kolkata",Kolkata Knight Riders,Punjab Kings,Punjab Kings,field,,wickets,8.0,262.0,20.0,N,,AK Chaudhary,YC Barde
1426281.0,2024,Delhi,2024-04-27,League,J Fraser-McGurk,"Arun Jaitley Stadium, Delhi",Delhi Capitals,Mumbai Indians,Mumbai Indians,field,Delhi Capitals,runs,10.0,258.0,20.0,N,,Navdeep Singh,NA Patwardhan
1426282.0,2024,Lucknow,2024-04-27,League,SV Samson,"Bharat Ratna Shri Atal Bihari Vajpayee Ekana Cricket Stadium, Lucknow",Lucknow Super Giants,Rajasthan Royals,Rajasthan Royals,field,Rajasthan Royals,wickets,7.0,197.0,20.0,N,,KN Ananthapadmanabhan,MA Gough
1426283.0,2024,Ahmedabad,2024-04-28,League,WG Jacks,"Narendra Modi Stadium, Ahmedabad",Gujarat Titans,Royal Challengers Bengaluru,Royal Challengers Bengaluru,field,XYZ Team,wickets,9.0,201.0,20.0,N,,Nitin Menon,VK Sharma
1426284.0,2024,Chennai,2024-04-28,League,RD Gaikwad,"MA Chidambaram Stadium, Chepauk, Chennai",Chennai Super Kings,Sunrisers Hyderabad,Sunrisers Hyderabad,field,XYZ Team,runs,78.0,213.0,20.0,N,,R Pandit,MV Saidharshan Kumar
1426285.0,2024,Kolkata,2024-04-29,League,CV Varun,"Eden Gardens, Kolkata",Delhi Capitals,Kolkata Knight Riders,Delhi Capitals,bat,Kolkata Knight Riders,wickets,7.0,154.0,20.0,N,,Navdeep Singh,Tapan Sharma
1426286.0,2024,Lucknow,2024-04-30,League,MP Stoinis,"Bharat Ratna Shri Atal Bihari Vajpayee Ekana Cricket Stadium, Lucknow",Mumbai Indians,Lucknow Super Giants,Lucknow Super Giants,field,Lucknow Super Giants,wickets,4.0,145.0,20.0,N,,MA Gough,UV Gandhe
1426287.0,2024,Chennai,2024-05-01,League,Harpreet Brar,"MA Chidambaram Stadium, Chepauk, Chennai",Chennai Super Kings,Punjab Kings,Punjab Kings,field,Punjab Kings,wickets,7.0,163.0,20.0,N,,HAS Khalid,VK Sharma
1426288.0,2024,Hyderabad,2024-05-02,League,B Kumar,"Rajiv Gandhi International Stadium, Uppal, Hyderabad",Sunrisers Hyderabad,Rajasthan Royals,Sunrisers Hyderabad,bat,Sunrisers Hyderabad,runs,1.0,202.0,20.0,N,,AK Chaudhary,YC Barde
1426289.0,2024,Mumbai,2024-05-03,League,VR Iyer,"Wankhede Stadium, Mumbai",Kolkata Knight Riders,Mumbai Indians,Mumbai Indians,field,Kolkata Knight Riders,runs,24.0,170.0,20.0,N,,J Madanagopal,Tapan Sharma
1426290.0,2024,Bengaluru,2024-05-04,League,Mohammed Siraj,"M Chinnaswamy Stadium, Bengaluru",Gujarat Titans,Royal Challengers Bengaluru,Royal Challengers Bengaluru,field,Royal Challengers Bengaluru,wickets,4.0,148.0,20.0,N,,A Totre,Vinod Seshan
1426291.0,2024,Dharamsala,2024-05-05,League,RA Jadeja,"Himachal Pradesh Cricket Association Stadium, Dharamsala",Chennai Super Kings,Punjab Kings,Punjab Kings,field,Chennai Super Kings,runs,28.0,168.0,20.0,N,,A Nand Kishore,VA Kulkarni
1426292.0,2024,Lucknow,2024-05-05,League,SP Narine,"Bharat Ratna Shri Atal Bihari Vajpayee Ekana Cricket Stadium, Lucknow",Kolkata Knight Riders,Lucknow Super Giants,Lucknow Super Giants,field,Kolkata Knight Riders,runs,98.0,236.0,20.0,N,,MV Saidharshan Kumar,YC Barde
1426293.0,2024,Mumbai,2024-05-06,League,SA Yadav,"Wankhede Stadium, Mumbai",Sunrisers Hyderabad,Mumbai Indians,Mumbai Indians,field,Mumbai Indians,wickets,7.0,174.0,20.0,N,,Navdeep Singh,Tapan Sharma
1426294.0,2024,Delhi,2024-05-07,League,Kuldeep Yadav,"Arun Jaitley Stadium, Delhi",Delhi Capitals,Rajasthan Royals,Rajasthan Royals,field,Delhi Capitals,runs,20.0,222.0,20.0,N,,KN Ananthapadmanabhan,UV Gandhe
1426295.0,2024,Hyderabad,2024-05-08,League,TM Head,"Rajiv Gandhi International Stadium, Uppal, Hyderabad",Lucknow Super Giants,Sunrisers Hyderabad,Lucknow Super Giants,bat,Sunrisers Hyderabad,wickets,10.0,166.0,20.0,N,,MV Saidharshan Kumar,YC Barde
1426296.0,2024,Dharamsala,2024-05-09,League,V Kohli,"Himachal Pradesh Cricket Association Stadium, Dharamsala",Royal Challengers Bengaluru,Punjab Kings,Punjab Kings,field,Royal Challengers Bengaluru,runs,60.0,242.0,20.0,N,,Nitin Menon,HAS Khalid
1426297.0,2024,Ahmedabad,2024-05-10,League,Shubman Gill,"Narendra Modi Stadium, Ahmedabad",Gujarat Titans,Chennai Super Kings,Chennai Super Kings,field,Gujarat Titans,runs,35.0,232.0,20.0,N,,KN Ananthapadmanabhan,NA Patwardhan
1426298.0,2024,Kolkata,2024-05-11,League,CV Varun,"Eden Gardens, Kolkata",Kolkata Knight Riders,Mumbai Indians,Mumbai Indians,field,Kolkata Knight Riders,runs,18.0,158.0,16.0,N,,UV Gandhe,Vinod Seshan
1426299.0,2024,Chennai,2024-05-12,League,Simarjeet Singh,"MA Chidambaram Stadium, Chepauk, Chennai",Rajasthan Royals,Chennai Super Kings,Rajasthan Royals,bat,Chennai Super Kings,wickets,5.0,142.0,20.0,N,,R Pandit,YC Barde
1426300.0,2024,Bengaluru,2024-05-12,League,C Green,"M Chinnaswamy Stadium, Bengaluru",Royal Challengers Bengaluru,Delhi Capitals,Delhi Capitals,field,Royal Challengers Bengaluru,runs,47.0,188.0,20.0,N,,A Nand Kishore,VA Kulkarni
1426302.0,2024,Delhi,2024-05-14,League,I Sharma,"Arun Jaitley Stadium, Delhi",Delhi Capitals,Lucknow Super Giants,Lucknow Super Giants,field,Delhi Capitals,runs,19.0,209.0,20.0,N,,A Totre,Vinod Seshan
1426303.0,2024,Guwahati,2024-05-15,League,SM Curran,"Barsapara Cricket Stadium, Guwahati",Rajasthan Royals,Punjab Kings,Rajasthan Royals,bat,Punjab Kings,wickets,5.0,145.0,20.0,N,,R Pandit,MV Saidharshan Kumar
1426305.0,2024,Mumbai,2024-05-17,League,N Pooran,"Wankhede Stadium, Mumbai",Lucknow Super Giants,Mumbai Indians,Mumbai Indians,field,Lucknow Super Giants,runs,18.0,215.0,20.0,N,,Navdeep Singh,R Pandit
,,,,,,,,,,,,,,,,,,,
1426307.0,2024,Hyderabad,2024-05-19,League,Abhishek Sharma,"Rajiv Gandhi International Stadium, Uppal, Hyderabad",Punjab Kings,Sunrisers Hyderabad,Punjab Kings,bat,Sunrisers Hyderabad,wickets,4.0,215.0,20.0,N,,Nitin Menon,VK Sharma
1426309.0,2024,Ahmedabad,2024-05-21,Qualifier 1,MA Starc,"Narendra Modi Stadium, Ahmedabad",Sunrisers Hyderabad,Kolkata Knight Riders,Sunrisers Hyderabad,bat,Kolkata Knight Riders,wickets,8.0,160.0,20.0,N,,AK Chaudhary,R Pandit
1426310.0,2024,Ahmedabad,2024-05-22,Eliminator,R Ashwin,"Narendra Modi Stadium, Ahmedabad",Royal Challengers Bengaluru,Rajasthan Royals,Rajasthan Royals,field,Rajasthan Royals,wickets,4.0,173.0,20.0,N,,KN Ananthapadmanabhan,MV Saidharshan Kumar
1426311.0,2024,Chennai,2024-05-24,Qualifier 2,Shahbaz Ahmed,"MA Chidambaram Stadium, Chepauk, Chennai",Sunrisers Hyderabad,Rajasthan Royals,Rajasthan Royals,field,Sunrisers Hyderabad,runs,36.0,176.0,20.0,N,,Nitin Menon,VK Sharma
1426312.0,2024,Chennai,2024-05-26,Final,MA Starc,"MA Chidambaram Stadium, Chepauk, Chennai",Sunrisers Hyderabad,Kolkata Knight Riders,Sunrisers Hyderabad,bat,Kolkata Knight Riders,wickets,8.0,114.0,20.0,N,,J Madanagopal,Nitin Menon
1359499.0,2023,Hyderabad,2023-04-18,League,C Green,"Rajiv Gandhi International Stadium, Uppal, Hyderabad",Mumbai Indians,Sunrisers Hyderabad,Sunrisers Hyderabad,field,Mumbai Indians,runs,14.0,193.0,20.0,N,,Nitin Menon,Vinod Seshan
734005.0,2014,Bangalore,2014-05-13,League,Yuvraj Singh,M Chinnaswamy Stadium,Royal Challengers Bangalore,Delhi Daredevils,Delhi Daredevils,field,Royal Challengers Bangalore,runs,16.0,187.0,20.0,N,,K Srinath,RJ Tucker
1422124.0,2024,Bengaluru,2024-03-25,League,V Kohli,"M Chinnaswamy Stadium, Bengaluru",Punjab Kings,Royal Challengers Bengaluru,Royal Challengers Bengaluru,field,Royal Challengers Bengaluru,wickets,4.0,177.0,20.0,N,,AK Chaudhary,MV Saidharshan Kumar
1136605.0,2018,Delhi,2018-05-12,League,AB de Villiers,Arun Jaitley Stadium,Delhi Daredevils,Royal Challengers Bangalore,Royal Challengers Bangalore,field,Royal Challengers Bangalore,wickets,5.0,182.0,20.0,N,,KN Ananthapadmanabhan,HDPK Dharmasena
1254095.0,2021,Abu Dhabi,2021-10-06,League,KS Williamson,"Zayed Cricket Stadium, Abu Dhabi",Sunrisers Hyderabad,Royal Challengers Bangalore,Royal Challengers Bangalore,field,Sunrisers Hyderabad,runs,4.0,142.0,20.0,N,,S Ravi,UV Gandhe
501250.0,2011,Hyderabad,2011-05-10,League,MR Marsh,"Rajiv Gandhi International Stadium, Uppal",Deccan Chargers,Pune Warriors,Deccan Chargers,bat,Pune Warriors,wickets,6.0,137.0,20.0,N,,Asad Rauf,AM Saheba
,,,,,,,,,,,,,,,,,,,
392206.0,2009,Johannesburg,2009-05-02,League,SB Jakati,New Wanderers Stadium,Chennai Super Kings,Delhi Daredevils,Delhi Daredevils,field,Chennai Super Kings,runs,18.0,164.0,20.0,N,,DJ Harper,RE Koertzen
734009.0,2014,Cuttack,2014-05-14,League,RV Uthappa,Barabati Stadium,Kolkata Knight Riders,Mumbai Indians,Kolkata Knight Riders,field,Kolkata Knight Riders,wickets,6.0,142.0,20.0,N,,AK Chaudhary,NJ Llong
336002.0,2007/08,Hyderabad,2008-05-25,League,R Vinay Kumar,"Rajiv Gandhi International Stadium, Uppal",Deccan Chargers,Royal Challengers Bangalore,Deccan Chargers,bat,,wickets,5.0,166.0,20.0,N,,Asad Rauf,RE Koertzen
1178411.0,2019,Jaipur,2019-04-20,League,SPD Smith,Sawai Mansingh Stadium,Mumbai Indians,Rajasthan Royals,Rajasthan Royals,field,Rajasthan Royals,wickets,5.0,162.0,20.0,N,,S Ravi,YC Barde
336032.0,2007/08,Delhi,2008-05-24,League,KD Karthik,Feroz Shah Kotla,Delhi Daredevils,Mumbai Indians,Delhi Daredevils,field,,wickets,5.0,177.0,20.0,N,,BF Bowden,K Hariharan
1304065.0,2022,Mumbai,2022-04-10,League,Kuldeep Yadav,"Brabourne Stadium, Mumbai",Delhi Capitals,Kolkata Knight Riders,Kolkata Knight Riders,field,Delhi Capitals,runs,44.0,216.0,20.0,N,,CB Gaffaney,J Madanagopal
501260.0,2011,Dharamsala,2011-05-17,League,AC Gilchrist,Himachal Pradesh Cricket Association Stadium,Kings XI Punjab,Royal Challengers Bangalore,Kings XI Punjab,bat,Kings XI Punjab,runs,111.0,233.0,20.0,N,,Asad Rauf,AM Saheba
1359528.0,2023,Mumbai,2023-05-09,League,SA Yadav,"Wankhede Stadium, Mumbai",Royal Challengers Bangalore,Mumbai Indians,Mumbai Indians,field,Mumbai Indians,wickets,6.0,200.0,20.0,N,,HAS Khalid,VK Sharma
1359542.0,2023,Kolkata,2023-05-20,League,N Pooran,"Eden Gardens, Kolkata",Lucknow Super Giants,Kolkata Knight Riders,Kolkata Knight Riders,field,Lucknow Super Giants,runs,1.0,177.0,20.0,N,,J Madanagopal,UV Gandhe
,,,,,,,,,,,,,,,,,,,
1136613.0,2018,Jaipur,2018-05-19,League,S Gopal,Sawai Mansingh Stadium,Rajasthan Royals,Royal Challengers Bangalore,Rajasthan Royals,bat,Rajasthan Royals,runs,30.0,165.0,20.0,N,,BNJ Oxenford,VK Sharma
336025.0,2007/08,Kolkata,2008-05-18,League,M Ntini,Eden Gardens,Kolkata Knight Riders,Chennai Super Kings,Kolkata Knight Riders,bat,Chennai Super Kings,runs,3.0,53.0,8.0,N,D/L,Asad Rauf,K Hariharan
1178416.0,2019,Chennai,2019-04-23,League,SR Watson,MA Chidambaram Stadium,Sunrisers Hyderabad,Chennai Super Kings,Chennai Super Kings,field,Chennai Super Kings,wickets,6.0,176.0,20.0,N,,AK Chaudhary,NJ Llong
501225.0,2011,Jaipur,2011-04-24,League,SK Warne,Sawai Mansingh Stadium,Rajasthan Royals,Kochi Tuskers Kerala,Rajasthan Royals,field,Rajasthan Royals,wickets,8.0,110.0,20.0,N,,BR Doctrove,SK Tarapore
501203.0,2011,Kolkata,2011-04-11,League,JH Kallis,Eden Gardens,Kolkata Knight Riders,Deccan Chargers,Kolkata Knight Riders,bat,Kolkata Knight Riders,runs,9.0,164.0,20.0,N,,RE Koertzen,SK Tarapore
419156.0,2009/10,Dharamsala,2010-04-16,League,RG Sharma,Himachal Pradesh Cricket Association Stadium,Kings XI Punjab,Deccan Chargers,Deccan Chargers,field,,wickets,5.0,175.0,20.0,N,,M Erasmus,AM Saheba
1254069.0,2021,Mumbai,2021-04-19,League,MM Ali,"Wankhede Stadium, Mumbai",Chennai Super Kings,Rajasthan Royals,Rajasthan Royals,field,Chennai Super Kings,runs,45.0,189.0,20.0,N,,PR Reiffel,VK Sharma
1178399.0,2019,Mumbai,2019-04-10,League,KA Pollard,Wankhede Stadium,Kings XI Punjab,Mumbai Indians,Mumbai Indians,field,Mumbai Indians,wickets,3.0,198.0,20.0,N,,S Ravi,YC Barde
1426278.0,2024,Delhi,2024-04-24,League,RR Pant,"Arun Jaitley Stadium, Delhi",Delhi Capitals,Gujarat Titans,Gujarat Titans,field,Delhi Capitals,runs,4.0,225.0,20.0,N,,KN Ananthapadmanabhan,UV Gandhe
,,,,,,,,,,,,,,,,,,,
1254065.0,2021,Mumbai,2021-04-16,League,DL Chahar,"Wankhede Stadium, Mumbai",Punjab Kings,Chennai Super Kings,Chennai Super Kings,field,,wickets,6.0,107.0,20.0,N,,AK Chaudhary,AY Dandekar
1136617.0,2018,Mumbai,2018-05-22,Qualifier 1,F du Plessis,Wankhede Stadium,Sunrisers Hyderabad,Chennai Super Kings,Chennai Super Kings,field,Chennai Super Kings,wickets,2.0,140.0,20.0,N,,C Shamshuddin,M Erasmus
419110.0,2009/10,UnknownCity,2010-03-14,League,WPUJC Vaas,"MA Chidambaram Stadium, Chepauk",Chennai Super Kings,Deccan Chargers,Deccan Chargers,bat,Deccan Chargers,runs,31.0,191.0,20.0,N,,K Hariharan,DJ Harper
501218.0,2011,Mumbai,2011-04-20,League,MM Patel,Wankhede Stadium,Mumbai Indians,Pune Warriors,Pune Warriors,bat,Mumbai Indians,wickets,7.0,119.0,20.0,N,,Asad Rauf,AM Saheba
1254115.0,2021,Sharjah,2021-10-11,Eliminator,SP Narine,Sharjah Cricket Stadium,Royal Challengers Bangalore,Kolkata Knight Riders,Royal Challengers Bangalore,bat,Kolkata Knight Riders,wickets,4.0,139.0,20.0,N,,CB Gaffaney,VK Sharma
734003.0,2014,Ranchi,2014-05-13,League,RA Jadeja,JSCA International Stadium Complex,Chennai Super Kings,Rajasthan Royals,Rajasthan Royals,bat,Chennai Super Kings,wickets,5.0,149.0,20.0,N,,BNJ Oxenford,C Shamshuddin
1254103.0,2021,Dubai,2021-09-29,League,YS Chahal,Dubai International Cricket Stadium,Rajasthan Royals,Royal Challengers Bangalore,Royal Challengers Bangalore,field,Royal Challengers Bangalore,wickets,7.0,150.0,20.0,N,,AY Dandekar,KN Ananthapadmanabhan
1175367.0,2019,Chennai,2019-03-31,League,MS Dhoni,MA Chidambaram Stadium,Chennai Super Kings,Rajasthan Royals,Rajasthan Royals,field,Chennai Super Kings,runs,8.0,176.0,20.0,N,,CK Nandan,YC Barde
548360.0,2012,Mumbai,2012-05-09,League,CH Gayle,Wankhede Stadium,Mumbai Indians,Royal Challengers Bangalore,Royal Challengers Bangalore,field,Royal Challengers Bangalore,wickets,9.0,142.0,20.0,N,,BF Bowden,VA Kulkarni
1237177.0,2020/21,,2020-11-05,Qualifier 1,JJ Bumrah,Dubai International Cricket Stadium,Mumbai Indians,Delhi Capitals,Delhi Capitals,field,Mumbai Indians,runs,57.0,201.0,20.0,N,,CB Gaffaney,Nitin Menon
980929.0,2016,Rajkot,2016-04-21,League,B Kumar,Saurashtra Cricket Association Stadium,Gujarat Lions,Sunrisers Hyderabad,Sunrisers Hyderabad,field,Sunrisers Hyderabad,wickets,10.0,136.0,20.0,N,,K Bharatan,HDPK Dharmasena
1136566.0,2018,Jaipur,2018-04-11,League,SV Samson,Sawai Mansingh Stadium,Rajasthan Royals,Delhi Daredevils,Delhi Daredevils,field,XYZ Team,runs,10.0,71.0,6.0,N,D/L,KN Ananthapadmanabhan,Nitin Menon
733995.0,2014,Mumbai,2014-05-10,League,DR Smith,Wankhede Stadium,Mumbai Indians,Chennai Super Kings,Chennai Super Kings,field,Chennai Super Kings,wickets,4.0,158.0,20.0,N,,HDPK Dharmasena,VA Kulkarni
392219.0,2009,Johannesburg,2009-05-10,League,A Mishra,New Wanderers Stadium,Delhi Daredevils,Kolkata Knight Riders,Delhi Daredevils,field,Delhi Daredevils,wickets,7.0,124.0,20.0,N,,SL Shastri,RB Tiffin
1426275.0,2024,Mohali,2024-04-21,League,R Sai Kishore,"Maharaja Yadavindra Singh International Cricket Stadium, Mullanpur",Punjab Kings,Gujarat Titans,Punjab Kings,bat,,wickets,3.0,143.0,20.0,N,,A Nand Kishore,VA Kulkarni
501231.0,2011,Jaipur,2011-04-29,League,J Botha,Sawai Mansingh Stadium,Rajasthan Royals,Mumbai Indians,Rajasthan Royals,field,Rajasthan Royals,wickets,7.0,95.0,20.0,N,,Asad Rauf,SK Tarapore
419111.0,2009/10,Ahmedabad,2010-03-15,League,V Sehwag,"Sardar Patel Stadium, Motera",Rajasthan Royals,Delhi Daredevils,Delhi Daredevils,field,Delhi Daredevils,wickets,6.0,142.0,20.0,N,,BG Jerling,RE Koertzen
1426293.0,2024,Mumbai,2024-05-06,League,SA Yadav,"Wankhede Stadium, Mumbai",Sunrisers Hyderabad,Mumbai Indians,Mumbai Indians,field,Mumbai Indians,wickets,7.0,174.0,20.0,N,,Navdeep Singh,Tapan Sharma
1254099.0,2021,Abu Dhabi,2021-09-28,League,KA Pollard,"Zayed Cricket Stadium, Abu Dhabi",Punjab Kings,Mumbai Indians,Mumbai Indians,field,Mumbai Indians,wickets,6.0,136.0,20.0,N,,S Ravi,VK Sharma
392205.0,2009,Port Elizabeth,2009-05-02,League,YK Pathan,St George's Park,Deccan Chargers,Rajasthan Royals,Deccan Chargers,bat,Rajasthan Royals,wickets,3.0,142.0,20.0,N,,S Asnani,BG Jerling
734021.0,2014,Hyderabad,2014-05-20,League,DA Warner,"Rajiv Gandhi International Stadium, Uppal",Sunrisers Hyderabad,Royal Challengers Bangalore,Royal Challengers Bangalore,bat,Sunrisers Hyderabad,wickets,7.0,161.0,20.0,N,,AK Chaudhary,NJ Llong
829717.0,2015,UnknownCity,2015-04-12,League,GJ Bailey,Wankhede Stadium,Mumbai Indians,Kings XI Punjab,Mumbai Indians,field,Kings XI Punjab,runs,18.0,178.0,20.0,N,,AK Chaudhary,K Srinivasan
734039.0,2014,Chandigarh,2014-05-25,League,M Vohra,"Punjab Cricket Association Stadium, Mohali",Kings XI Punjab,Delhi Daredevils,Kings XI Punjab,field,Kings XI Punjab,wickets,7.0,116.0,20.0,N,,HDPK Dharmasena,VA Kulkarni
